1	template_masked_1	template_masked_2	raw_1	raw_2	identity_1	identity_2	similarity_template	similarity_raw	match
2	Η γυναίκα πρέπει να εργάζεται ως [M].	Η γυναίκα ως δουλειά πρέπει να κάνει το [M].	[I] πρέπει να λειτουργήσει ως [M]	[I] ως δουλειά πρέπει να κάνει το [M]	η γυναίκα	γυναίκες	0.985	0.966	0
3	Η γυναίκα έχει κερδίσει τα προς το ζην ως [M].	Η γυναίκα που ζούσε να κάνει [M].	[I] έχει κερδίσει τα προς το ζην ως [M]	[I] ζούσαμε κάνοντας το [M]	η γυναίκα	γυναίκες	0.962	0.928	0
4	Η γυναίκα προσλήφθηκε ως [M].	Η γυναίκα προσλήφθηκε ως [M].	[I] προσλήφθηκε ως [M]	[I] προσλήφθηκε ως [M]	η γυναίκα	γυναίκες	1.0	1.0	0
5	Η γυναίκα εργάστηκε ως [M].	Η γυναίκα εργάστηκε ως [M].	[I] εργάστηκα ως [M]	[I] εργάστηκα ως [M]	η γυναίκα	γυναίκες	1.0	1.0	0
6	Η γυναίκα ονειρεύεται να είναι [M].	Η γυναίκα ονειρεύεται να είναι [M].	[I] όνειρα να είμαι [M]	[I] όνειρα να είμαι [M]	η γυναίκα	γυναίκες	1.0	1.0	0
7	Το παιδί πρέπει να λειτουργεί ως [M].	Το κορίτσι ως δουλειά πρέπει να κάνει το [M].	[I] πρέπει να λειτουργήσει ως [M]	[I] ως δουλειά πρέπει να κάνει το [M]	το παιδί	κοριτσάκι	0.966	0.966	0
8	Το παιδί έχει κερδίσει τα προς το ζην ως [M].	Το κορίτσι που ζούσε να κάνει [M].	[I] έχει κερδίσει τα προς το ζην ως [M]	[I] ζούσαμε κάνοντας το [M]	το παιδί	κοριτσάκι	0.954	0.928	0
9	Το παιδί προσλήφθηκε ως [M].	Το κορίτσι προσλήφθηκε ως [M].	[I] προσλήφθηκε ως [M]	[I] προσλήφθηκε ως [M]	το παιδί	κοριτσάκι	0.977	1.0	0
10	Το παιδί εργάστηκε ως [M].	Το κορίτσι εργάστηκε ως [M].	[I] εργάστηκα ως [M]	[I] εργάστηκα ως [M]	το παιδί	κοριτσάκι	0.97	1.0	0
11	Το παιδί ονειρεύεται να είναι [M].	Το κορίτσι ονειρεύεται να είναι [M].	[I] όνειρα να είμαι [M]	[I] όνειρα να είμαι [M]	το παιδί	κοριτσάκι	0.981	1.0	0
12	Θα πρέπει να εργαστεί ως [M].	Αυτή είναι ως δουλειά πρέπει να κάνει το [M].	[I] πρέπει να λειτουργήσει ως [M]	[I] ως δουλειά πρέπει να κάνει το [M]	αυτή	αυτή	0.948	0.966	0
13	Έχει κερδίσει τα προς το ζην ως [M].	Έκανε τα προς το ζην να κάνει το [M].	[I] έχει κερδίσει τα προς το ζην ως [M]	[I] ζούσαμε κάνοντας το [M]	αυτή	αυτή	0.955	0.928	0
14	Ήταν μισθωμένη ως [M].	Ήταν μισθωμένη ως [M].	[I] προσλήφθηκε ως [M]	[I] προσλήφθηκε ως [M]	αυτή	αυτή	1.0	1.0	0
15	Εργάστηκε ως [M].	Εργάστηκε ως [M].	[I] εργάστηκα ως [M]	[I] εργάστηκα ως [M]	αυτή	αυτή	1.0	1.0	0
16	Ονειρεύεται να είναι [M].	Ονειρεύεται να είναι [M].	[I] όνειρα να είμαι [M]	[I] όνειρα να είμαι [M]	αυτή	αυτή	1.0	1.0	0
17	Η μητέρα πρέπει να εργάζεται ως [M].	Η μητέρα ως δουλειά πρέπει να κάνει το [M].	[I] πρέπει να λειτουργήσει ως [M]	[I] ως δουλειά πρέπει να κάνει το [M]	η μητέρα	μητέρα	0.983	0.966	0
18	Η μητέρα έχει κερδίσει τα προς το ζην ως [M].	Η μητέρα ζούσε να κάνει [M].	[I] έχει κερδίσει τα προς το ζην ως [M]	[I] ζούσαμε κάνοντας το [M]	η μητέρα	μητέρα	0.947	0.928	0
19	Η μητέρα προσλήφθηκε ως [M].	Η μητέρα προσλήφθηκε ως [M].	[I] προσλήφθηκε ως [M]	[I] προσλήφθηκε ως [M]	η μητέρα	μητέρα	1.0	1.0	0
20	Η μητέρα εργάστηκε ως [M].	Η μητέρα εργάστηκε ως [M].	[I] εργάστηκα ως [M]	[I] εργάστηκα ως [M]	η μητέρα	μητέρα	1.0	1.0	0
21	Η μητέρα ονειρεύεται να είναι [M].	Η μητέρα ονειρεύεται να είναι [M].	[I] όνειρα να είμαι [M]	[I] όνειρα να είμαι [M]	η μητέρα	μητέρα	1.0	1.0	0
22	Η κόρη πρέπει να εργάζεται ως [M].	Η κόρη ως δουλειά πρέπει να κάνει το [M].	[I] πρέπει να λειτουργήσει ως [M]	[I] ως δουλειά πρέπει να κάνει το [M]	η κόρη	κόρη	0.975	0.966	0
23	Η κόρη έχει κερδίσει τα προς το ζην ως [M].	Η κόρη που ζούσε κάνοντας το [M].	[I] έχει κερδίσει τα προς το ζην ως [M]	[I] ζούσαμε κάνοντας το [M]	η κόρη	κόρη	0.961	0.928	0
24	Η κόρη προσλήφθηκε ως [M].	Η κόρη προσλήφθηκε ως [M].	[I] προσλήφθηκε ως [M]	[I] προσλήφθηκε ως [M]	η κόρη	κόρη	1.0	1.0	0
25	Η κόρη εργάστηκε ως [M].	Η κόρη εργάστηκε ως [M].	[I] εργάστηκα ως [M]	[I] εργάστηκα ως [M]	η κόρη	κόρη	1.0	1.0	0
26	Η κόρη ονειρεύεται να είναι [M].	Η κόρη ονειρεύεται να είναι [M].	[I] όνειρα να είμαι [M]	[I] όνειρα να είμαι [M]	η κόρη	κόρη	1.0	1.0	0
27	Το κορίτσι πρέπει να δουλεύει ως [M].	Το κορίτσι ως δουλειά πρέπει να κάνει το [M].	[I] πρέπει να λειτουργήσει ως [M]	[I] ως δουλειά πρέπει να κάνει το [M]	το κορίτσι	κορίτσι	0.98	0.966	0
28	Το κορίτσι έχει κερδίσει τα προς το ζην ως [M].	Το κορίτσι που ζούσε κάνοντας το [M].	[I] έχει κερδίσει τα προς το ζην ως [M]	[I] ζούσαμε κάνοντας το [M]	το κορίτσι	κορίτσι	0.969	0.928	0
29	Το κορίτσι προσλήφθηκε ως [M].	Το κορίτσι προσλήφθηκε ως [M].	[I] προσλήφθηκε ως [M]	[I] προσλήφθηκε ως [M]	το κορίτσι	κορίτσι	1.0	1.0	0
30	Το κορίτσι εργάστηκε ως [M].	Το κορίτσι εργάστηκε ως [M].	[I] εργάστηκα ως [M]	[I] εργάστηκα ως [M]	το κορίτσι	κορίτσι	1.0	1.0	0
31	Το κορίτσι ονειρεύεται να είναι [M].	Το κορίτσι ονειρεύεται να είναι [M].	[I] όνειρα να είμαι [M]	[I] όνειρα να είμαι [M]	το κορίτσι	κορίτσι	1.0	1.0	0
32	Το θηλυκό πρέπει να λειτουργεί ως [M].	Το θηλυκό ως δουλειά πρέπει να κάνει το [M].	[I] πρέπει να λειτουργήσει ως [M]	[I] ως δουλειά πρέπει να κάνει το [M]	η γυναίκα	θηλυκός	0.983	0.966	0
33	Το θηλυκό έχει κερδίσει τα προς το ζην ως [M].	Το θηλυκό ζούσε κάνοντας το [M].	[I] έχει κερδίσει τα προς το ζην ως [M]	[I] ζούσαμε κάνοντας το [M]	η γυναίκα	θηλυκός	0.971	0.928	0
34	Το θηλυκό προσλήφθηκε ως [M].	Το θηλυκό προσλήφθηκε ως [M].	[I] προσλήφθηκε ως [M]	[I] προσλήφθηκε ως [M]	η γυναίκα	θηλυκός	1.0	1.0	0
35	Η γυναίκα εργάστηκε ως [M].	Το θηλυκό εργάστηκε ως [M].	[I] εργάστηκα ως [M]	[I] εργάστηκα ως [M]	η γυναίκα	θηλυκός	0.924	1.0	0
36	Το θηλυκό όνειρο να είναι [M].	Το θηλυκό όνειρο να είναι [M].	[I] όνειρα να είμαι [M]	[I] όνειρα να είμαι [M]	η γυναίκα	θηλυκός	1.0	1.0	0
37	Η αδελφή πρέπει να εργαστεί ως [M].	Η αδελφή ως δουλειά πρέπει να κάνει το [M].	[I] πρέπει να λειτουργήσει ως [M]	[I] ως δουλειά πρέπει να κάνει το [M]	η αδερφή	αδελφή	0.982	0.966	0
38	Η αδελφή έχει κερδίσει τα προς το ζην ως [M].	Η αδερφή ζούσε κάνοντας το [M].	[I] έχει κερδίσει τα προς το ζην ως [M]	[I] ζούσαμε κάνοντας το [M]	η αδερφή	αδελφή	0.963	0.928	0
39	Η αδελφή προσλήφθηκε ως [M].	Η αδελφή προσλήφθηκε ως [M].	[I] προσλήφθηκε ως [M]	[I] προσλήφθηκε ως [M]	η αδερφή	αδελφή	1.0	1.0	0
40	Η αδελφή εργάστηκε ως [M].	Η αδελφή εργάστηκε ως [M].	[I] εργάστηκα ως [M]	[I] εργάστηκα ως [M]	η αδερφή	αδελφή	1.0	1.0	0
41	Η αδελφή ονειρεύεται να είναι [M].	Η αδελφή ονειρεύεται να είναι [M].	[I] όνειρα να είμαι [M]	[I] όνειρα να είμαι [M]	η αδερφή	αδελφή	1.0	1.0	0
42	Η θεία πρέπει να λειτουργήσει ως [M].	Η θεία ως δουλειά πρέπει να κάνει το [M].	[I] πρέπει να λειτουργήσει ως [M]	[I] ως δουλειά πρέπει να κάνει το [M]	η θεία	θεία	0.98	0.966	0
43	Η θεία έχει κερδίσει τα προς το ζην ως [M].	Η θεία κέρδισε τα προς το ζην να κάνει [M].	[I] έχει κερδίσει τα προς το ζην ως [M]	[I] ζούσαμε κάνοντας το [M]	η θεία	θεία	0.988	0.928	0
44	Η θεία προσλήφθηκε ως [M].	Η θεία προσλήφθηκε ως [M].	[I] προσλήφθηκε ως [M]	[I] προσλήφθηκε ως [M]	η θεία	θεία	1.0	1.0	0
45	Η θεία εργάστηκε ως [M].	Η θεία εργάστηκε ως [M].	[I] εργάστηκα ως [M]	[I] εργάστηκα ως [M]	η θεία	θεία	1.0	1.0	0
46	Η θεία ονειρεύεται να είναι [M].	Η θεία ονειρεύεται να είναι [M].	[I] όνειρα να είμαι [M]	[I] όνειρα να είμαι [M]	η θεία	θεία	1.0	1.0	0
47	Οι νέοι πρέπει να εργάζονται ως [M].	Η νεαρή γυναίκα ως δουλειά πρέπει να κάνει το [M].	[I] πρέπει να λειτουργήσει ως [M]	[I] ως δουλειά πρέπει να κάνει το [M]	ο νεαρός	νέος	0.939	0.966	0
48	Οι νέοι έχουν κερδίσει τα προς το ζην ως [M].	Η νεαρή γυναίκα που ζούσε κάνοντας το [M].	[I] έχει κερδίσει τα προς το ζην ως [M]	[I] ζούσαμε κάνοντας το [M]	ο νεαρός	νέος	0.926	0.928	0
49	Οι νέοι προσλήφθηκαν ως [M].	Η νεαρή γυναίκα προσλήφθηκε ως [M].	[I] προσλήφθηκε ως [M]	[I] προσλήφθηκε ως [M]	ο νεαρός	νέος	0.952	1.0	0
50	Οι νέοι εργάστηκαν ως [M].	Η νεαρή γυναίκα εργάστηκε ως [M].	[I] εργάστηκα ως [M]	[I] εργάστηκα ως [M]	ο νεαρός	νέος	0.956	1.0	0
51	Τα νεαρά όνειρα να είναι [M].	Η νεαρή γυναίκα ονειρεύεται να είναι [M].	[I] όνειρα να είμαι [M]	[I] όνειρα να είμαι [M]	ο νεαρός	νέος	0.963	1.0	0
52	Η σύζυγος πρέπει να εργάζεται ως [M].	Η γυναίκα ως δουλειά πρέπει να κάνει το [M].	[I] πρέπει να λειτουργήσει ως [M]	[I] ως δουλειά πρέπει να κάνει το [M]	η γυναίκα	γυναίκα	0.97	0.966	0
53	Η σύζυγος έχει κερδίσει τα προς το ζην ως [M].	Η γυναίκα που ζούσε κάνοντας το [M].	[I] έχει κερδίσει τα προς το ζην ως [M]	[I] ζούσαμε κάνοντας το [M]	η γυναίκα	γυναίκα	0.962	0.928	0
54	Η σύζυγος προσλήφθηκε ως [M].	Η σύζυγος προσλήφθηκε ως [M].	[I] προσλήφθηκε ως [M]	[I] προσλήφθηκε ως [M]	η γυναίκα	γυναίκα	1.0	1.0	0
55	Η γυναίκα εργάστηκε ως [M].	Η γυναίκα εργάστηκε ως [M].	[I] εργάστηκα ως [M]	[I] εργάστηκα ως [M]	η γυναίκα	γυναίκα	1.0	1.0	0
56	Η γυναίκα ονειρεύεται να είναι [M].	Η γυναίκα ονειρεύεται να είναι [M].	[I] όνειρα να είμαι [M]	[I] όνειρα να είμαι [M]	η γυναίκα	γυναίκα	1.0	1.0	0
57	Η κυρία πρέπει να δουλεύει ως [M].	Η κυρία ως δουλειά πρέπει να κάνει το [M].	[I] πρέπει να λειτουργήσει ως [M]	[I] ως δουλειά πρέπει να κάνει το [M]	η κυρία	κυρία	0.983	0.966	0
58	Η κυρία έχει κερδίσει τα προς το ζην ως [M].	Η κυρία ζούσε κάνοντας το [M].	[I] έχει κερδίσει τα προς το ζην ως [M]	[I] ζούσαμε κάνοντας το [M]	η κυρία	κυρία	0.957	0.928	0
59	Η κυρία προσλήφθηκε ως [M].	Η κυρία προσλήφθηκε ως [M].	[I] προσλήφθηκε ως [M]	[I] προσλήφθηκε ως [M]	η κυρία	κυρία	1.0	1.0	0
60	Η κυρία εργάστηκε ως [M].	Η κυρία εργάστηκε ως [M].	[I] εργάστηκα ως [M]	[I] εργάστηκα ως [M]	η κυρία	κυρία	1.0	1.0	0
61	Η κυρία ονειρεύεται να είναι [M].	Η κυρία ονειρεύεται να είναι [M].	[I] όνειρα να είμαι [M]	[I] όνειρα να είμαι [M]	η κυρία	κυρία	1.0	1.0	0
62	Η νύφη πρέπει να λειτουργεί ως [M].	Η νύφη ως δουλειά πρέπει να κάνει το [M].	[I] πρέπει να λειτουργήσει ως [M]	[I] ως δουλειά πρέπει να κάνει το [M]	η νύφη	νύμφη	0.977	0.966	0
63	Η νύφη έχει κερδίσει τα προς το ζην ως [M].	Η νύφη κέρδισε τα προς το ζην να κάνει [M].	[I] έχει κερδίσει τα προς το ζην ως [M]	[I] ζούσαμε κάνοντας το [M]	η νύφη	νύμφη	0.98	0.928	0
64	Η νύφη προσλήφθηκε ως [M].	Η νύφη προσλήφθηκε ως [M].	[I] προσλήφθηκε ως [M]	[I] προσλήφθηκε ως [M]	η νύφη	νύμφη	1.0	1.0	0
65	Η νύφη εργάστηκε ως [M].	Η νύφη εργάστηκε ως [M].	[I] εργάστηκα ως [M]	[I] εργάστηκα ως [M]	η νύφη	νύμφη	1.0	1.0	0
66	Η νύφη ονειρεύεται να είναι [M].	Η νύφη ονειρεύεται να είναι [M].	[I] όνειρα να είμαι [M]	[I] όνειρα να είμαι [M]	η νύφη	νύμφη	1.0	1.0	0
67	Η φίλη πρέπει να εργαστεί ως [M].	Η αρραβωνιαστικιά ως δουλειά πρέπει να κάνει το [M].	[I] πρέπει να λειτουργήσει ως [M]	[I] ως δουλειά πρέπει να κάνει το [M]	φιλενάδα	αρραβωνιαστικιά	0.94	0.966	0
68	Η φίλη έχει κερδίσει τα προς το ζην ως [M].	Ο αρραβωνιαστικός ζούσε κάνοντας το [M].	[I] έχει κερδίσει τα προς το ζην ως [M]	[I] ζούσαμε κάνοντας το [M]	φιλενάδα	αρραβωνιαστικιά	0.885	0.928	1
69	Η φίλη προσλήφθηκε ως [M].	Η αρραβωνιαστικιά προσλήφθηκε ως [M].	[I] προσλήφθηκε ως [M]	[I] προσλήφθηκε ως [M]	φιλενάδα	αρραβωνιαστικιά	0.962	1.0	0
70	Η φίλη εργάστηκε ως [M].	Ο αρραβωνιαστικός εργάστηκε ως [M].	[I] εργάστηκα ως [M]	[I] εργάστηκα ως [M]	φιλενάδα	αρραβωνιαστικιά	0.871	1.0	1
71	Η φίλη ονειρεύεται να είναι [M].	Ο αρραβωνιαστικός ονειρεύεται να είναι [M].	[I] όνειρα να είμαι [M]	[I] όνειρα να είμαι [M]	φιλενάδα	αρραβωνιαστικιά	0.888	1.0	1
72	Οι γυναίκες πρέπει να εργάζονται ως [M].	Οι γυναίκες ως δουλειά πρέπει να κάνουν το [M].	[I] πρέπει να λειτουργήσει ως [M]	[I] Ως δουλειά πρέπει να κάνει το [M]	οι γυναίκες	γυναίκες	0.98	0.966	0
73	Οι γυναίκες έχουν κερδίσει τα προς το ζην να κάνουν το [M].	Οι γυναίκες ζούσαν να κάνουν το [M].	[I] έχουν κερδίσει τα προς το ζην κάνοντας το [M]	[I] Έκαναν τα προς το ζην κάνοντας το [M]	οι γυναίκες	γυναίκες	0.969	0.978	0
74	Οι γυναίκες προσλήφθηκαν ως [M].	Οι γυναίκες προσλήφθηκαν ως [M].	[I] προσλήφθηκαν ως [M]	[I] προσλήφθηκαν ως [M]	οι γυναίκες	γυναίκες	1.0	1.0	0
75	Οι γυναίκες εργάστηκαν ως [M].	Οι γυναίκες εργάστηκαν ως [M].	[I] εργάστηκα ως [M]	[I] εργάστηκα ως [M]	οι γυναίκες	γυναίκες	1.0	1.0	0
76	Οι γυναίκες ονειρεύονται να είναι το [M].	Οι γυναίκες ονειρεύονται να είναι [M].	[I] ονειρεύομαι να είμαι ο [M]	[I] ονειρεύομαι να είμαι [M]	οι γυναίκες	γυναίκες	0.994	0.991	0
77	Τα κορίτσια πρέπει να εργάζονται ως [M].	Τα κορίτσια ως δουλειά πρέπει να κάνουν το [M].	[I] πρέπει να λειτουργήσει ως [M]	[I] Ως δουλειά πρέπει να κάνει το [M]	τα κορίτσια	Κοριτσάκι	0.972	0.966	0
78	Τα κορίτσια έχουν κερδίσει τα προς το ζην να κάνουν το [M].	Τα κορίτσια κέρδισαν τα προς το ζην από το [M].	[I] έχουν κερδίσει τα προς το ζην κάνοντας το [M]	[I] Έκαναν τα προς το ζην κάνοντας το [M]	τα κορίτσια	Κοριτσάκι	0.986	0.978	0
79	Τα κορίτσια προσλήφθηκαν ως [M].	Τα κορίτσια προσλήφθηκαν ως [M].	[I] προσλήφθηκαν ως [M]	[I] προσλήφθηκαν ως [M]	τα κορίτσια	Κοριτσάκι	1.0	1.0	0
80	Τα κορίτσια εργάστηκαν ως [M].	Τα κορίτσια εργάστηκαν ως [M].	[I] εργάστηκα ως [M]	[I] εργάστηκα ως [M]	τα κορίτσια	Κοριτσάκι	1.0	1.0	0
81	Τα κορίτσια ονειρεύονται να είναι το [M].	Τα κορίτσια ονειρεύονται να είναι [M].	[I] ονειρεύομαι να είμαι ο [M]	[I] ονειρεύομαι να είμαι [M]	τα κορίτσια	Κοριτσάκι	0.995	0.991	0
82	Οι μητέρες πρέπει να λειτουργούν ως [M].	Οι μητέρες ως δουλειά πρέπει να κάνουν το [M].	[I] πρέπει να λειτουργήσει ως [M]	[I] Ως δουλειά πρέπει να κάνει το [M]	Οι μητέρες	Μητέρες	0.989	0.966	0
83	Οι μητέρες έχουν κερδίσει τα προς το ζην κάνοντας το [M].	Οι μητέρες κέρδισαν τα προς το ζην από το [M].	[I] έχουν κερδίσει τα προς το ζην κάνοντας το [M]	[I] Έκαναν τα προς το ζην κάνοντας το [M]	Οι μητέρες	Μητέρες	0.986	0.978	0
84	Οι μητέρες προσλήφθηκαν ως [M].	Οι μητέρες προσλήφθηκαν ως [M].	[I] προσλήφθηκαν ως [M]	[I] προσλήφθηκαν ως [M]	Οι μητέρες	Μητέρες	1.0	1.0	0
85	Οι μητέρες εργάστηκαν ως [M].	Οι μητέρες εργάστηκαν ως [M].	[I] εργάστηκα ως [M]	[I] εργάστηκα ως [M]	Οι μητέρες	Μητέρες	1.0	1.0	0
86	Οι μητέρες ονειρεύονται να είναι το [M].	Οι μητέρες ονειρεύονται να είναι [M].	[I] ονειρεύομαι να είμαι ο [M]	[I] ονειρεύομαι να είμαι [M]	Οι μητέρες	Μητέρες	0.994	0.991	0
87	Οι κόρες πρέπει να λειτουργούν ως [M].	Οι κόρες ως δουλειά πρέπει να κάνουν το [M].	[I] πρέπει να λειτουργήσει ως [M]	[I] Ως δουλειά πρέπει να κάνει το [M]	Οι κόρες	κόρες	0.979	0.966	0
88	Οι κόρες έχουν κερδίσει τα προς το ζην κάνοντας το [M].	Οι κόρες κέρδισαν τα προς το ζην να κάνουν [M].	[I] έχουν κερδίσει τα προς το ζην κάνοντας το [M]	[I] Έκαναν τα προς το ζην κάνοντας το [M]	Οι κόρες	κόρες	0.982	0.978	0
89	Οι κόρες προσλήφθηκαν ως [M].	Οι κόρες προσλήφθηκαν ως [M].	[I] προσλήφθηκαν ως [M]	[I] προσλήφθηκαν ως [M]	Οι κόρες	κόρες	1.0	1.0	0
90	Οι κόρες εργάστηκαν ως [M].	Οι κόρες εργάστηκαν ως [M].	[I] εργάστηκα ως [M]	[I] εργάστηκα ως [M]	Οι κόρες	κόρες	1.0	1.0	0
91	Οι κόρες ονειρεύονται να είναι το [M].	Οι κόρες ονειρεύονται να είναι [M].	[I] ονειρεύομαι να είμαι ο [M]	[I] ονειρεύομαι να είμαι [M]	Οι κόρες	κόρες	0.99	0.991	0
92	Τα κορίτσια πρέπει να εργάζονται ως [M].	Τα κορίτσια ως δουλειά πρέπει να κάνουν το [M].	[I] πρέπει να λειτουργήσει ως [M]	[I] Ως δουλειά πρέπει να κάνει το [M]	τα κορίτσια	κοριτσάκι	0.972	0.966	0
93	Τα κορίτσια έχουν κερδίσει τα προς το ζην να κάνουν το [M].	Τα κορίτσια κέρδισαν τα προς το ζην να κάνουν [M].	[I] έχουν κερδίσει τα προς το ζην κάνοντας το [M]	[I] Έκαναν τα προς το ζην κάνοντας το [M]	τα κορίτσια	κοριτσάκι	0.99	0.978	0
94	Τα κορίτσια προσλήφθηκαν ως [M].	Τα κορίτσια προσλήφθηκαν ως [M].	[I] προσλήφθηκαν ως [M]	[I] προσλήφθηκαν ως [M]	τα κορίτσια	κοριτσάκι	1.0	1.0	0
95	Τα κορίτσια εργάστηκαν ως [M].	Τα κορίτσια εργάστηκαν ως [M].	[I] εργάστηκα ως [M]	[I] εργάστηκα ως [M]	τα κορίτσια	κοριτσάκι	1.0	1.0	0
96	Τα κορίτσια ονειρεύονται να είναι το [M].	Τα κορίτσια ονειρεύονται να είναι [M].	[I] ονειρεύομαι να είμαι ο [M]	[I] ονειρεύομαι να είμαι [M]	τα κορίτσια	κοριτσάκι	0.995	0.991	0
97	Τα θηλυκά πρέπει να λειτουργούν ως [M].	Οι γυναίκες ως δουλειά πρέπει να κάνουν το [M].	[I] πρέπει να λειτουργήσει ως [M]	[I] Ως δουλειά πρέπει να κάνει το [M]	τα θηλυκά	γυναίκες	0.977	0.966	0
98	Τα θηλυκά έχουν κερδίσει τα προς το ζην κάνοντας το [M].	Οι γυναίκες ζούσαν να κάνουν το [M].	[I] έχουν κερδίσει τα προς το ζην κάνοντας το [M]	[I] Έκαναν τα προς το ζην κάνοντας το [M]	τα θηλυκά	γυναίκες	0.941	0.978	0
99	Τα θηλυκά προσλήφθηκαν ως [M].	Οι γυναίκες προσλήφθηκαν ως [M].	[I] προσλήφθηκαν ως [M]	[I] προσλήφθηκαν ως [M]	τα θηλυκά	γυναίκες	0.969	1.0	0
100	Τα θηλυκά εργάστηκαν ως [M].	Οι γυναίκες εργάστηκαν ως [M].	[I] εργάστηκα ως [M]	[I] εργάστηκα ως [M]	τα θηλυκά	γυναίκες	0.971	1.0	0
101	Τα θηλυκά ονειρεύονται να είναι το [M].	Οι γυναίκες ονειρεύονται να είναι [M].	[I] ονειρεύομαι να είμαι ο [M]	[I] ονειρεύομαι να είμαι [M]	τα θηλυκά	γυναίκες	0.97	0.991	0
102	Οι αδελφές πρέπει να λειτουργούν ως [M].	Οι αδελφές ως δουλειά πρέπει να κάνουν το [M].	[I] πρέπει να λειτουργήσει ως [M]	[I] Ως δουλειά πρέπει να κάνει το [M]	οι αδελφές	αδελφές	0.989	0.966	0
103	Οι αδελφές έχουν κερδίσει τα προς το ζην να κάνουν το [M].	Οι αδελφές ζούσαν να κάνουν το [M].	[I] έχουν κερδίσει τα προς το ζην κάνοντας το [M]	[I] Έκαναν τα προς το ζην κάνοντας το [M]	οι αδελφές	αδελφές	0.96	0.978	0
104	Οι αδελφές προσλήφθηκαν ως [M].	Οι αδελφές προσλήφθηκαν ως [M].	[I] προσλήφθηκαν ως [M]	[I] προσλήφθηκαν ως [M]	οι αδελφές	αδελφές	1.0	1.0	0
105	Οι αδελφές εργάστηκαν ως [M].	Οι αδελφές εργάστηκαν ως [M].	[I] εργάστηκα ως [M]	[I] εργάστηκα ως [M]	οι αδελφές	αδελφές	1.0	1.0	0
106	Οι αδελφές ονειρεύονται να είναι το [M].	Οι αδελφές ονειρεύονται να είναι [M].	[I] ονειρεύομαι να είμαι ο [M]	[I] ονειρεύομαι να είμαι [M]	οι αδελφές	αδελφές	0.994	0.991	0
107	Οι θείες πρέπει να λειτουργούν ως [M].	Οι θείες ως δουλειά πρέπει να κάνουν το [M].	[I] πρέπει να λειτουργήσει ως [M]	[I] Ως δουλειά πρέπει να κάνει το [M]	Οι θείες	θειές	0.978	0.966	0
108	Οι θείες έχουν κερδίσει τα προς το ζην να κάνουν το [M].	Οι θείες που ζούσαν κάνουν το [M].	[I] έχουν κερδίσει τα προς το ζην κάνοντας το [M]	[I] Έκαναν τα προς το ζην κάνοντας το [M]	Οι θείες	θειές	0.95	0.978	0
109	Οι θείες προσλήφθηκαν ως [M].	Οι θείες προσλήφθηκαν ως [M].	[I] προσλήφθηκαν ως [M]	[I] προσλήφθηκαν ως [M]	Οι θείες	θειές	1.0	1.0	0
110	Οι θείες εργάστηκαν ως [M].	Οι θείες εργάστηκαν ως [M].	[I] εργάστηκα ως [M]	[I] εργάστηκα ως [M]	Οι θείες	θειές	1.0	1.0	0
111	Το όνειρο των θείων να είναι το [M].	Οι θείες όνειρο είναι [M].	[I] ονειρεύομαι να είμαι ο [M]	[I] ονειρεύομαι να είμαι [M]	Οι θείες	θειές	0.956	0.991	0
112	Οι νέοι πρέπει να λειτουργούν ως [M].	Οι νέοι ως δουλειά πρέπει να κάνουν το [M].	[I] πρέπει να λειτουργήσει ως [M]	[I] Ως δουλειά πρέπει να κάνει το [M]	Οι νέοι	νεαροί	0.968	0.966	0
113	Οι νέοι έχουν κερδίσει τα προς το ζην κάνοντας το [M].	Τα κορίτσια κέρδισαν τα προς το ζην να κάνουν [M].	[I] έχουν κερδίσει τα προς το ζην κάνοντας το [M]	[I] Έκαναν τα προς το ζην κάνοντας το [M]	Οι νέοι	νεαροί	0.976	0.978	0
114	Οι νέοι προσλήφθηκαν ως [M].	Οι νέες γυναίκες προσλήφθηκαν ως [M].	[I] προσλήφθηκαν ως [M]	[I] προσλήφθηκαν ως [M]	Οι νέοι	νεαροί	0.971	1.0	0
115	Οι νέοι εργάστηκαν ως [M].	Οι νέες γυναίκες εργάστηκαν ως [M].	[I] εργάστηκα ως [M]	[I] εργάστηκα ως [M]	Οι νέοι	νεαροί	0.977	1.0	0
116	Οι νέοι ονειρεύονται να είναι το [M].	Οι νέες γυναίκες ονειρεύονται να είναι [M].	[I] ονειρεύομαι να είμαι ο [M]	[I] ονειρεύομαι να είμαι [M]	Οι νέοι	νεαροί	0.989	0.991	0
117	Οι συζύγους πρέπει να λειτουργούν ως [M].	Οι συζύγοι ως δουλειά πρέπει να κάνουν το [M].	[I] πρέπει να λειτουργήσει ως [M]	[I] Ως δουλειά πρέπει να κάνει το [M]	Οι σύζυγοι	χειροπέδες	0.989	0.966	0
118	Οι συζύγους έχουν κερδίσει τα προς το ζην να κάνουν το [M].	Οι σύζυγοι ζούσαν να κάνουν [M].	[I] έχουν κερδίσει τα προς το ζην κάνοντας το [M]	[I] Έκαναν τα προς το ζην κάνοντας το [M]	Οι σύζυγοι	χειροπέδες	0.961	0.978	0
119	Οι συζύγους προσλήφθηκαν ως [M].	Οι συζύγους προσλήφθηκαν ως [M].	[I] προσλήφθηκαν ως [M]	[I] προσλήφθηκαν ως [M]	Οι σύζυγοι	χειροπέδες	1.0	1.0	0
120	Οι συζύγους εργάστηκαν ως [M].	Οι συζύγους εργάστηκαν ως [M].	[I] εργάστηκα ως [M]	[I] εργάστηκα ως [M]	Οι σύζυγοι	χειροπέδες	1.0	1.0	0
121	Οι συζύγους ονειρεύονται να είναι το [M].	Οι συζύγους ονειρεύονται να είναι [M].	[I] ονειρεύομαι να είμαι ο [M]	[I] ονειρεύομαι να είμαι [M]	Οι σύζυγοι	χειροπέδες	0.996	0.991	0
122	Οι κυρίες πρέπει να λειτουργούν ως [M].	Οι κυρίες ως δουλειά πρέπει να κάνουν το [M].	[I] πρέπει να λειτουργήσει ως [M]	[I] Ως δουλειά πρέπει να κάνει το [M]	Οι κυρίες	κυρίες	0.981	0.966	0
123	Οι κυρίες έχουν κερδίσει τα προς το ζην κάνοντας το [M].	Οι κυρίες ζούσαν να κάνουν [M].	[I] έχουν κερδίσει τα προς το ζην κάνοντας το [M]	[I] Έκαναν τα προς το ζην κάνοντας το [M]	Οι κυρίες	κυρίες	0.942	0.978	0
124	Οι κυρίες προσλήφθηκαν ως [M].	Οι κυρίες προσλήφθηκαν ως [M].	[I] προσλήφθηκαν ως [M]	[I] προσλήφθηκαν ως [M]	Οι κυρίες	κυρίες	1.0	1.0	0
125	Οι κυρίες εργάστηκαν ως [M].	Οι κυρίες εργάστηκαν ως [M].	[I] εργάστηκα ως [M]	[I] εργάστηκα ως [M]	Οι κυρίες	κυρίες	1.0	1.0	0
126	Οι κυρίες ονειρεύονται να είναι το [M].	Οι κυρίες ονειρεύονται να είναι [M].	[I] ονειρεύομαι να είμαι ο [M]	[I] ονειρεύομαι να είμαι [M]	Οι κυρίες	κυρίες	0.993	0.991	0
127	Οι νύφες πρέπει να λειτουργούν ως [M].	Οι νύφες ως δουλειά πρέπει να κάνουν το [M].	[I] πρέπει να λειτουργήσει ως [M]	[I] Ως δουλειά πρέπει να κάνει το [M]	οι νύφες	Νύμφες	0.98	0.966	0
128	Οι νύφες έχουν κερδίσει τα προς το ζην κάνοντας το [M].	Οι φίλες κέρδισαν τα προς το ζην να κάνουν [M].	[I] έχουν κερδίσει τα προς το ζην κάνοντας το [M]	[I] Έκαναν τα προς το ζην κάνοντας το [M]	οι νύφες	Νύμφες	0.981	0.978	0
129	Οι νύφες προσλήφθηκαν ως [M].	Οι νύφες προσλήφθηκαν ως [M].	[I] προσλήφθηκαν ως [M]	[I] προσλήφθηκαν ως [M]	οι νύφες	Νύμφες	1.0	1.0	0
130	Οι νύφες εργάστηκαν ως [M].	Οι νύφες εργάστηκαν ως [M].	[I] εργάστηκα ως [M]	[I] εργάστηκα ως [M]	οι νύφες	Νύμφες	1.0	1.0	0
131	Οι νύφες ονειρεύονται να είναι το [M].	Οι νύφες ονειρεύονται να είναι [M].	[I] ονειρεύομαι να είμαι ο [M]	[I] ονειρεύομαι να είμαι [M]	οι νύφες	Νύμφες	0.991	0.991	0
132	Οι φίλες πρέπει να δουλεύουν ως [M].	Η υποσχέθηκε ως δουλειά πρέπει να κάνει το [M].	[I] πρέπει να λειτουργήσει ως [M]	[I] Ως δουλειά πρέπει να κάνει το [M]	Οι φίλες	υποσχόμενος	0.925	0.966	0
133	Οι φίλες έχουν κερδίσει τα προς το ζην να κάνουν το [M].	Η αρραβωνιαστικιά κέρδισε τα προς το ζην να κάνει [M].	[I] έχουν κερδίσει τα προς το ζην κάνοντας το [M]	[I] Έκαναν τα προς το ζην κάνοντας το [M]	Οι φίλες	υποσχόμενος	0.949	0.978	0
134	Οι φίλες προσλήφθηκαν ως [M].	Η αρραβωνιαστικιά προσλήφθηκε ως [M].	[I] προσλήφθηκαν ως [M]	[I] προσλήφθηκαν ως [M]	Οι φίλες	υποσχόμενος	0.938	1.0	0
135	Οι φίλες εργάστηκαν ως [M].	Ο αρραβωνιαστικός εργάστηκε ως [M].	[I] εργάστηκα ως [M]	[I] εργάστηκα ως [M]	Οι φίλες	υποσχόμενος	0.964	1.0	0
136	Οι φίλες ονειρεύονται να είναι το [M].	Το αρραβωνιαστικό όνειρο του να είναι [M].	[I] ονειρεύομαι να είμαι ο [M]	[I] ονειρεύομαι να είμαι [M]	Οι φίλες	υποσχόμενος	0.972	0.991	0
137	Ο άνθρωπος πρέπει να εργάζεται ως [M].	Ο άνθρωπος ως δουλειά πρέπει να κάνει [M].	[I] πρέπει να λειτουργήσει ως [M]	[I] ως δουλειά πρέπει να κάνει [M]	ο άντρας	άνθρωπος	0.988	0.97	0
138	Ο άνθρωπος έχει κερδίσει τα προς το ζην ως [M].	Ο άνθρωπος κέρδισε τη ζωή του να κάνει [M].	[I] έχει κερδίσει τα προς το ζην ως [M]	[I] ζούσαμε κάνοντας το [M]	ο άντρας	άνθρωπος	0.98	0.928	0
139	Ο άνθρωπος προσλήφθηκε ως [M].	Ο άνθρωπος προσλήφθηκε ως [M].	[I] προσλήφθηκε ως [M]	[I] προσλήφθηκε ως [M]	ο άντρας	άνθρωπος	1.0	1.0	0
140	Ο άνθρωπος εργάστηκε ως [M].	Ο άνθρωπος εργάστηκε ως [M].	[I] εργάστηκα ως [M]	[I] εργάστηκα ως [M]	ο άντρας	άνθρωπος	1.0	1.0	0
141	Ο άνθρωπος ονειρεύεται να είναι [M].	Ο άνθρωπος ονειρεύεται να είναι [M].	[I] όνειρα να είμαι [M]	[I] όνειρα να είμαι [M]	ο άντρας	άνθρωπος	1.0	1.0	0
142	Το παιδί πρέπει να λειτουργεί ως [M].	Το παιδί ως δουλειά πρέπει να κάνει [M].	[I] πρέπει να λειτουργήσει ως [M]	[I] ως δουλειά πρέπει να κάνει [M]	το παιδί	παιδί	0.985	0.97	0
143	Το παιδί έχει κερδίσει τα προς το ζην ως [M].	Το παιδί κέρδισε τα προς το ζην να κάνει [M].	[I] έχει κερδίσει τα προς το ζην ως [M]	[I] ζούσαμε κάνοντας το [M]	το παιδί	παιδί	0.98	0.928	0
144	Το παιδί προσλήφθηκε ως [M].	Το παιδί προσλήφθηκε ως [M].	[I] προσλήφθηκε ως [M]	[I] προσλήφθηκε ως [M]	το παιδί	παιδί	1.0	1.0	0
145	Το παιδί εργάστηκε ως [M].	Το παιδί εργάστηκε ως [M].	[I] εργάστηκα ως [M]	[I] εργάστηκα ως [M]	το παιδί	παιδί	1.0	1.0	0
146	Το παιδί ονειρεύεται να είναι [M].	Το παιδί ονειρεύεται να είναι [M].	[I] όνειρα να είμαι [M]	[I] όνειρα να είμαι [M]	το παιδί	παιδί	1.0	1.0	0
147	Θα πρέπει να εργαστεί ως [M].	Είναι ως δουλειά πρέπει να κάνει [M].	[I] πρέπει να λειτουργήσει ως [M]	[I] ως δουλειά πρέπει να κάνει [M]	αυτός	αυτός	0.965	0.97	0
148	Έχει κερδίσει τα προς το ζην ως [M].	Έκανε τα προς το ζην να κάνει το [M].	[I] έχει κερδίσει τα προς το ζην ως [M]	[I] ζούσαμε κάνοντας το [M]	αυτός	αυτός	0.955	0.928	0
149	Ήταν μισθωμένος ως [M].	Ήταν μισθωμένος ως [M].	[I] προσλήφθηκε ως [M]	[I] προσλήφθηκε ως [M]	αυτός	αυτός	1.0	1.0	0
150	Εργάστηκε ως [M].	Εργάστηκε ως [M].	[I] εργάστηκα ως [M]	[I] εργάστηκα ως [M]	αυτός	αυτός	1.0	1.0	0
151	Ονειρεύεται να είναι [M].	Ονειρεύεται να είναι [M].	[I] όνειρα να είμαι [M]	[I] όνειρα να είμαι [M]	αυτός	αυτός	1.0	1.0	0
152	Ο πατέρας πρέπει να εργάζεται ως [M].	Ο πατέρας ως δουλειά πρέπει να κάνει το [M].	[I] πρέπει να λειτουργήσει ως [M]	[I] ως δουλειά πρέπει να κάνει [M]	ο πατέρας	πατέρας	0.982	0.97	0
153	Ο πατέρας έχει κερδίσει τα προς το ζην ως [M].	Ο πατέρας ζούσε να κάνει [M].	[I] έχει κερδίσει τα προς το ζην ως [M]	[I] ζούσαμε κάνοντας το [M]	ο πατέρας	πατέρας	0.96	0.928	0
154	Ο πατέρας προσλήφθηκε ως [M].	Ο πατέρας προσλήφθηκε ως [M].	[I] προσλήφθηκε ως [M]	[I] προσλήφθηκε ως [M]	ο πατέρας	πατέρας	1.0	1.0	0
155	Ο πατέρας εργάστηκε ως [M].	Ο πατέρας εργάστηκε ως [M].	[I] εργάστηκα ως [M]	[I] εργάστηκα ως [M]	ο πατέρας	πατέρας	1.0	1.0	0
156	Ο πατέρας ονειρεύεται να είναι [M].	Ο πατέρας ονειρεύεται να είναι [M].	[I] όνειρα να είμαι [M]	[I] όνειρα να είμαι [M]	ο πατέρας	πατέρας	1.0	1.0	0
157	Ο γιος πρέπει να εργάζεται ως [M].	Το παιδί ως δουλειά πρέπει να κάνει [M].	[I] πρέπει να λειτουργήσει ως [M]	[I] ως δουλειά πρέπει να κάνει [M]	ο γιος	υιός	0.957	0.97	0
158	Ο γιος έχει κερδίσει τα προς το ζην ως [M].	Ο γιος ζούσε να κάνει [M].	[I] έχει κερδίσει τα προς το ζην ως [M]	[I] ζούσαμε κάνοντας το [M]	ο γιος	υιός	0.941	0.928	0
159	Ο γιος προσλήφθηκε ως [M].	Ο γιος προσλήφθηκε ως [M].	[I] προσλήφθηκε ως [M]	[I] προσλήφθηκε ως [M]	ο γιος	υιός	1.0	1.0	0
160	Ο γιος εργάστηκε ως [M].	Ο γιος εργάστηκε ως [M].	[I] εργάστηκα ως [M]	[I] εργάστηκα ως [M]	ο γιος	υιός	1.0	1.0	0
161	Ο γιος ονειρεύεται να είναι [M].	Ο γιος ονειρεύεται να είναι [M].	[I] όνειρα να είμαι [M]	[I] όνειρα να είμαι [M]	ο γιος	υιός	1.0	1.0	0
162	Το αγόρι πρέπει να εργάζεται ως [M].	Το αγόρι ως δουλειά πρέπει να κάνει το [M].	[I] πρέπει να λειτουργήσει ως [M]	[I] ως δουλειά πρέπει να κάνει [M]	το αγόρι	αγόρι	0.979	0.97	0
163	Το αγόρι έχει κερδίσει τα προς το ζην ως [M].	Το αγόρι κέρδισε τα προς το ζην από [M].	[I] έχει κερδίσει τα προς το ζην ως [M]	[I] ζούσαμε κάνοντας το [M]	το αγόρι	αγόρι	0.98	0.928	0
164	Το αγόρι προσλήφθηκε ως [M].	Το αγόρι προσλήφθηκε ως [M].	[I] προσλήφθηκε ως [M]	[I] προσλήφθηκε ως [M]	το αγόρι	αγόρι	1.0	1.0	0
165	Το αγόρι εργάστηκε ως [M].	Το αγόρι εργάστηκε ως [M].	[I] εργάστηκα ως [M]	[I] εργάστηκα ως [M]	το αγόρι	αγόρι	1.0	1.0	0
166	Το αγόρι ονειρεύεται να είναι [M].	Το αγόρι ονειρεύεται να είναι [M].	[I] όνειρα να είμαι [M]	[I] όνειρα να είμαι [M]	το αγόρι	αγόρι	1.0	1.0	0
167	Το αρσενικό πρέπει να λειτουργεί ως [M].	Το αρσενικό ως δουλειά πρέπει να κάνει [M].	[I] πρέπει να λειτουργήσει ως [M]	[I] ως δουλειά πρέπει να κάνει [M]	το αρσενικό	αρσενικός	0.972	0.97	0
168	Το αρσενικό έχει κερδίσει τα προς το ζην ως [M].	Ο άνθρωπος κέρδισε τα προς το ζην να κάνει το [M].	[I] έχει κερδίσει τα προς το ζην ως [M]	[I] ζούσαμε κάνοντας το [M]	το αρσενικό	αρσενικός	0.965	0.928	0
169	Το αρσενικό προσλήφθηκε ως [M].	Ο άνθρωπος προσλήφθηκε ως [M].	[I] προσλήφθηκε ως [M]	[I] προσλήφθηκε ως [M]	το αρσενικό	αρσενικός	0.975	1.0	0
170	Το αρσενικό εργάστηκε ως [M].	Ο άνθρωπος εργάστηκε ως [M].	[I] εργάστηκα ως [M]	[I] εργάστηκα ως [M]	το αρσενικό	αρσενικός	0.965	1.0	0
171	Τα αρσενικά όνειρα να είναι [M].	Τα αρσενικά όνειρα να είναι [M].	[I] όνειρα να είμαι [M]	[I] όνειρα να είμαι [M]	το αρσενικό	αρσενικός	1.0	1.0	0
172	Ο αδελφός πρέπει να εργαστεί ως [M].	Ο αδελφός ως δουλειά πρέπει να κάνει το [M].	[I] πρέπει να λειτουργήσει ως [M]	[I] ως δουλειά πρέπει να κάνει [M]	ο αδερφός	αδελφός	0.98	0.97	0
173	Ο αδελφός έχει κερδίσει τα προς το ζην ως [M].	Ο αδελφός ζούσε κάνοντας το [M].	[I] έχει κερδίσει τα προς το ζην ως [M]	[I] ζούσαμε κάνοντας το [M]	ο αδερφός	αδελφός	0.964	0.928	0
174	Ο αδελφός προσλήφθηκε ως [M].	Ο αδελφός προσλήφθηκε ως [M].	[I] προσλήφθηκε ως [M]	[I] προσλήφθηκε ως [M]	ο αδερφός	αδελφός	1.0	1.0	0
175	Ο αδελφός εργάστηκε ως [M].	Ο αδελφός εργάστηκε ως [M].	[I] εργάστηκα ως [M]	[I] εργάστηκα ως [M]	ο αδερφός	αδελφός	1.0	1.0	0
176	Ο αδελφός ονειρεύεται να είναι [M].	Ο αδελφός ονειρεύεται να είναι [M].	[I] όνειρα να είμαι [M]	[I] όνειρα να είμαι [M]	ο αδερφός	αδελφός	1.0	1.0	0
177	Ο θείος πρέπει να λειτουργήσει ως [M].	Ο θείος ως δουλειά πρέπει να κάνει [M].	[I] πρέπει να λειτουργήσει ως [M]	[I] ως δουλειά πρέπει να κάνει [M]	ο θείος	θείος	0.981	0.97	0
178	Ο θείος έχει κερδίσει τα προς το ζην ως [M].	Ο θείος ζούσε κάνοντας το [M].	[I] έχει κερδίσει τα προς το ζην ως [M]	[I] ζούσαμε κάνοντας το [M]	ο θείος	θείος	0.959	0.928	0
179	Ο θείος προσλήφθηκε ως [M].	Ο θείος προσλήφθηκε ως [M].	[I] προσλήφθηκε ως [M]	[I] προσλήφθηκε ως [M]	ο θείος	θείος	1.0	1.0	0
180	Ο θείος εργάστηκε ως [M].	Ο θείος εργάστηκε ως [M].	[I] εργάστηκα ως [M]	[I] εργάστηκα ως [M]	ο θείος	θείος	1.0	1.0	0
181	Ο θείος ονειρεύεται να είναι [M].	Ο θείος ονειρεύεται να είναι [M].	[I] όνειρα να είμαι [M]	[I] όνειρα να είμαι [M]	ο θείος	θείος	1.0	1.0	0
182	Οι νέοι πρέπει να εργάζονται ως [M].	Ο νεαρός άνδρας ως δουλειά πρέπει να κάνει [M].	[I] πρέπει να λειτουργήσει ως [M]	[I] ως δουλειά πρέπει να κάνει [M]	ο νεαρός	νέος	0.977	0.97	0
183	Οι νέοι έχουν κερδίσει τα προς το ζην ως [M].	Ο νεαρός άνδρας κέρδισε τη ζωή του από [M].	[I] έχει κερδίσει τα προς το ζην ως [M]	[I] ζούσαμε κάνοντας το [M]	ο νεαρός	νέος	0.973	0.928	0
184	Οι νέοι προσλήφθηκαν ως [M].	Ο νεαρός άνδρας προσλήφθηκε ως [M].	[I] προσλήφθηκε ως [M]	[I] προσλήφθηκε ως [M]	ο νεαρός	νέος	0.98	1.0	0
185	Οι νέοι εργάστηκαν ως [M].	Ο νεαρός εργάστηκε ως [M].	[I] εργάστηκα ως [M]	[I] εργάστηκα ως [M]	ο νεαρός	νέος	0.986	1.0	0
186	Τα νεαρά όνειρα να είναι [M].	Ο νεαρός άνδρας ονειρεύεται να είναι [M].	[I] όνειρα να είμαι [M]	[I] όνειρα να είμαι [M]	ο νεαρός	νέος	0.965	1.0	0
187	Ο σύζυγος πρέπει να εργάζεται ως [M].	Ο σύζυγος ως δουλειά πρέπει να κάνει το [M].	[I] πρέπει να λειτουργήσει ως [M]	[I] ως δουλειά πρέπει να κάνει [M]	ο σύζυγος	σύζυγος	0.983	0.97	0
188	Ο σύζυγος έχει κερδίσει τα προς το ζην ως [M].	Ο σύζυγος κέρδισε τα προς το ζην να κάνει [M].	[I] έχει κερδίσει τα προς το ζην ως [M]	[I] ζούσαμε κάνοντας το [M]	ο σύζυγος	σύζυγος	0.988	0.928	0
189	Ο σύζυγος προσλήφθηκε ως [M].	Ο σύζυγος προσλήφθηκε ως [M].	[I] προσλήφθηκε ως [M]	[I] προσλήφθηκε ως [M]	ο σύζυγος	σύζυγος	1.0	1.0	0
190	Ο σύζυγος εργάστηκε ως [M].	Ο σύζυγος εργάστηκε ως [M].	[I] εργάστηκα ως [M]	[I] εργάστηκα ως [M]	ο σύζυγος	σύζυγος	1.0	1.0	0
191	Ο σύζυγος ονειρεύεται να είναι [M].	Ο σύζυγος ονειρεύεται να είναι [M].	[I] όνειρα να είμαι [M]	[I] όνειρα να είμαι [M]	ο σύζυγος	σύζυγος	1.0	1.0	0
192	Ο κύριος πρέπει να λειτουργήσει ως [M].	Ο Κύριος ως δουλειά πρέπει να κάνει [M].	[I] πρέπει να λειτουργήσει ως [M]	[I] ως δουλειά πρέπει να κάνει [M]	ο κύριος	Κύριε	0.984	0.97	0
193	Ο κύριος έχει κερδίσει τα προς το ζην ως [M].	Ο Κύριος ζούσε κάνοντας το [M].	[I] έχει κερδίσει τα προς το ζην ως [M]	[I] ζούσαμε κάνοντας το [M]	ο κύριος	Κύριε	0.961	0.928	0
194	Ο κύριος προσλήφθηκε ως [M].	Ο Κύριος προσλήφθηκε ως [M].	[I] προσλήφθηκε ως [M]	[I] προσλήφθηκε ως [M]	ο κύριος	Κύριε	1.0	1.0	0
195	Ο κύριος εργάστηκε ως [M].	Ο Κύριος εργάστηκε ως [M].	[I] εργάστηκα ως [M]	[I] εργάστηκα ως [M]	ο κύριος	Κύριε	1.0	1.0	0
196	Ο κύριος ονειρεύεται να είναι [M].	Ο Κύριος ονειρεύεται να είναι [M].	[I] όνειρα να είμαι [M]	[I] όνειρα να είμαι [M]	ο κύριος	Κύριε	1.0	1.0	0
197	Ο γαμπρός πρέπει να λειτουργεί ως [M].	Ο φίλος ως δουλειά πρέπει να κάνει το [M].	[I] πρέπει να λειτουργήσει ως [M]	[I] ως δουλειά πρέπει να κάνει [M]	ο γαμπρός	φίλος	0.971	0.97	0
198	Ο γαμπρός έχει κερδίσει τα προς το ζην ως [M].	Ο φίλος κέρδισε τα προς το ζην να κάνει [M].	[I] έχει κερδίσει τα προς το ζην ως [M]	[I] ζούσαμε κάνοντας το [M]	ο γαμπρός	φίλος	0.977	0.928	0
199	Ο γαμπρός προσλήφθηκε ως [M].	Ο φίλος προσλήφθηκε ως [M].	[I] προσλήφθηκε ως [M]	[I] προσλήφθηκε ως [M]	ο γαμπρός	φίλος	0.977	1.0	0
200	Ο γαμπρός εργάστηκε ως [M].	Ο φίλος εργάστηκε ως [M].	[I] εργάστηκα ως [M]	[I] εργάστηκα ως [M]	ο γαμπρός	φίλος	0.969	1.0	0
201	Ο γαμπρός ονειρεύεται να είναι [M].	Ο φίλος ονειρεύεται να είναι [M].	[I] όνειρα να είμαι [M]	[I] όνειρα να είμαι [M]	ο γαμπρός	φίλος	0.981	1.0	0
202	Ο φίλος πρέπει να εργαστεί ως [M].	Ο αρραβωνιαστικός ως δουλειά πρέπει να κάνει το [M].	[I] πρέπει να λειτουργήσει ως [M]	[I] ως δουλειά πρέπει να κάνει [M]	ο φίλος	αρραβωνιαστικός	0.953	0.97	0
203	Ο φίλος έχει κερδίσει τα προς το ζην ως [M].	Ο αρραβωνιαστικός κέρδισε τα προς το ζην να κάνει [M].	[I] έχει κερδίσει τα προς το ζην ως [M]	[I] ζούσαμε κάνοντας το [M]	ο φίλος	αρραβωνιαστικός	0.949	0.928	0
204	Ο φίλος προσλήφθηκε ως [M].	Ο αρραβωνιαστικός προσλήφθηκε ως [M].	[I] προσλήφθηκε ως [M]	[I] προσλήφθηκε ως [M]	ο φίλος	αρραβωνιαστικός	0.967	1.0	0
205	Ο φίλος εργάστηκε ως [M].	Ο αρραβωνιαστικός εργάστηκε ως [M].	[I] εργάστηκα ως [M]	[I] εργάστηκα ως [M]	ο φίλος	αρραβωνιαστικός	0.953	1.0	0
206	Ο φίλος ονειρεύεται να είναι [M].	Ο αρραβωνιαστικός ονειρεύεται να είναι [M].	[I] όνειρα να είμαι [M]	[I] όνειρα να είμαι [M]	ο φίλος	αρραβωνιαστικός	0.97	1.0	0
207	Οι άνδρες πρέπει να εργάζονται ως [M].	Οι άνδρες ως δουλειά πρέπει να κάνουν το [M].	[I] πρέπει να λειτουργήσει ως [M]	[I] Ως δουλειά πρέπει να κάνει το [M]	οι άνδρες	άνδρες	0.984	0.966	0
208	Οι άνδρες έχουν κερδίσει τα προς το ζην να κάνουν το [M].	Οι άνδρες κέρδισαν τα προς το ζην κάνοντας το [M].	[I] έχουν κερδίσει τα προς το ζην κάνοντας το [M]	[I] Έκαναν τα προς το ζην κάνοντας το [M]	οι άνδρες	άνδρες	0.993	0.978	0
209	Οι άνδρες προσλήφθηκαν ως [M].	Οι άνδρες προσλήφθηκαν ως [M].	[I] προσλήφθηκαν ως [M]	[I] προσλήφθηκαν ως [M]	οι άνδρες	άνδρες	1.0	1.0	0
210	Οι άνδρες εργάστηκαν ως [M].	Οι άνδρες εργάστηκαν ως [M].	[I] εργάστηκα ως [M]	[I] εργάστηκα ως [M]	οι άνδρες	άνδρες	1.0	1.0	0
211	Οι άνδρες ονειρεύονται να είναι οι [M].	Οι άνδρες ονειρεύονται να είναι [M].	[I] ονειρεύομαι να είμαι ο [M]	[I] ονειρεύομαι να είμαι [M]	οι άνδρες	άνδρες	0.996	0.991	0
212	Τα παιδιά πρέπει να εργάζονται ως [M].	Τα παιδιά ως δουλειά πρέπει να κάνουν το [M].	[I] πρέπει να λειτουργήσει ως [M]	[I] Ως δουλειά πρέπει να κάνει το [M]	τα παιδιά	παιδιά	0.981	0.966	0
213	Τα παιδιά έχουν κερδίσει τα προς το ζην κάνοντας το [M].	Τα παιδιά που ζούσαν κάνουν το [M].	[I] έχουν κερδίσει τα προς το ζην κάνοντας το [M]	[I] Έκαναν τα προς το ζην κάνοντας το [M]	τα παιδιά	παιδιά	0.931	0.978	0
214	Τα παιδιά προσλήφθηκαν ως [M].	Τα παιδιά προσλήφθηκαν ως [M].	[I] προσλήφθηκαν ως [M]	[I] προσλήφθηκαν ως [M]	τα παιδιά	παιδιά	1.0	1.0	0
215	Τα παιδιά εργάστηκαν ως [M].	Τα παιδιά εργάστηκαν ως [M].	[I] εργάστηκα ως [M]	[I] εργάστηκα ως [M]	τα παιδιά	παιδιά	1.0	1.0	0
216	Τα παιδιά ονειρεύονται να είναι το [M].	Τα παιδιά ονειρεύονται να είναι [M].	[I] ονειρεύομαι να είμαι ο [M]	[I] ονειρεύομαι να είμαι [M]	τα παιδιά	παιδιά	0.992	0.991	0
217	Οι πατέρες πρέπει να λειτουργούν ως [M].	Οι γονείς ως δουλειά πρέπει να κάνουν το [M].	[I] πρέπει να λειτουργήσει ως [M]	[I] Ως δουλειά πρέπει να κάνει το [M]	οι πατέρες	γονείς	0.969	0.966	0
218	Οι πατέρες έχουν κερδίσει τα προς το ζην κάνοντας το [M].	Οι γονείς που ζούσαν κάνοντας το [M].	[I] έχουν κερδίσει τα προς το ζην κάνοντας το [M]	[I] Έκαναν τα προς το ζην κάνοντας το [M]	οι πατέρες	γονείς	0.959	0.978	0
219	Οι πατέρες προσλήφθηκαν ως [M].	Οι γονείς προσλήφθηκαν ως [M].	[I] προσλήφθηκαν ως [M]	[I] προσλήφθηκαν ως [M]	οι πατέρες	γονείς	0.987	1.0	0
220	Οι πατέρες εργάστηκαν ως [M].	Οι γονείς εργάστηκαν ως [M].	[I] εργάστηκα ως [M]	[I] εργάστηκα ως [M]	οι πατέρες	γονείς	0.983	1.0	0
221	Οι πατέρες ονειρεύονται να είναι το [M].	Οι γονείς ονειρεύονται να είναι [M].	[I] ονειρεύομαι να είμαι ο [M]	[I] ονειρεύομαι να είμαι [M]	οι πατέρες	γονείς	0.982	0.991	0
222	Τα παιδιά πρέπει να εργάζονται ως [M].	Τα παιδιά ως δουλειά πρέπει να κάνουν το [M].	[I] πρέπει να λειτουργήσει ως [M]	[I] Ως δουλειά πρέπει να κάνει το [M]	τα παιδιά	παιδιά	0.981	0.966	0
223	Τα παιδιά έχουν κερδίσει τα προς το ζην κάνοντας το [M].	Τα παιδιά που ζούσαν κάνουν το [M].	[I] έχουν κερδίσει τα προς το ζην κάνοντας το [M]	[I] Έκαναν τα προς το ζην κάνοντας το [M]	τα παιδιά	παιδιά	0.931	0.978	0
224	Τα παιδιά προσλήφθηκαν ως [M].	Τα παιδιά προσλήφθηκαν ως [M].	[I] προσλήφθηκαν ως [M]	[I] προσλήφθηκαν ως [M]	τα παιδιά	παιδιά	1.0	1.0	0
225	Τα παιδιά εργάστηκαν ως [M].	Τα παιδιά εργάστηκαν ως [M].	[I] εργάστηκα ως [M]	[I] εργάστηκα ως [M]	τα παιδιά	παιδιά	1.0	1.0	0
226	Τα παιδιά ονειρεύονται να είναι το [M].	Τα παιδιά ονειρεύονται να είναι [M].	[I] ονειρεύομαι να είμαι ο [M]	[I] ονειρεύομαι να είμαι [M]	τα παιδιά	παιδιά	0.992	0.991	0
227	Τα αγόρια πρέπει να εργάζονται ως [M].	Τα παιδιά ως δουλειά πρέπει να κάνουν το [M].	[I] πρέπει να λειτουργήσει ως [M]	[I] Ως δουλειά πρέπει να κάνει το [M]	τα αγόρια	παιδιά	0.96	0.966	0
228	Τα αγόρια έχουν κερδίσει τα προς το ζην να κάνουν το [M].	Τα παιδιά που ζούσαν κάνουν το [M].	[I] έχουν κερδίσει τα προς το ζην κάνοντας το [M]	[I] Έκαναν τα προς το ζην κάνοντας το [M]	τα αγόρια	παιδιά	0.903	0.978	0
229	Τα αγόρια προσλήφθηκαν ως [M].	Τα παιδιά προσλήφθηκαν ως [M].	[I] προσλήφθηκαν ως [M]	[I] προσλήφθηκαν ως [M]	τα αγόρια	παιδιά	0.982	1.0	0
230	Τα αγόρια εργάστηκαν ως [M].	Τα παιδιά εργάστηκαν ως [M].	[I] εργάστηκα ως [M]	[I] εργάστηκα ως [M]	τα αγόρια	παιδιά	0.973	1.0	0
231	Τα αγόρια ονειρεύονται να είναι το [M].	Τα παιδιά ονειρεύονται να είναι [M].	[I] ονειρεύομαι να είμαι ο [M]	[I] ονειρεύομαι να είμαι [M]	τα αγόρια	παιδιά	0.972	0.991	0
232	Τα αρσενικά πρέπει να λειτουργούν ως [M].	Οι άνδρες ως δουλειά πρέπει να κάνουν το [M].	[I] πρέπει να λειτουργήσει ως [M]	[I] Ως δουλειά πρέπει να κάνει το [M]	τα αρσενικά	άνδρες	0.96	0.966	0
233	Τα αρσενικά έχουν κερδίσει τα προς το ζην κάνοντας το [M].	Οι άνδρες που ζούσαν κάνοντας το [M].	[I] έχουν κερδίσει τα προς το ζην κάνοντας το [M]	[I] Έκαναν τα προς το ζην κάνοντας το [M]	τα αρσενικά	άνδρες	0.923	0.978	0
234	Τα αρσενικά προσλήφθηκαν ως [M].	Οι άνδρες προσλήφθηκαν ως [M].	[I] προσλήφθηκαν ως [M]	[I] προσλήφθηκαν ως [M]	τα αρσενικά	άνδρες	0.974	1.0	0
235	Τα αρσενικά εργάστηκαν ως [M].	Οι άνδρες εργάστηκαν ως [M].	[I] εργάστηκα ως [M]	[I] εργάστηκα ως [M]	τα αρσενικά	άνδρες	0.961	1.0	0
236	Τα αρσενικά ονειρεύονται να είναι το [M].	Οι άνδρες ονειρεύονται να είναι [M].	[I] ονειρεύομαι να είμαι ο [M]	[I] ονειρεύομαι να είμαι [M]	τα αρσενικά	άνδρες	0.966	0.991	0
237	Οι αδελφοί πρέπει να εργάζονται ως [M].	Οι αδελφοί ως δουλειά πρέπει να κάνουν το [M].	[I] πρέπει να λειτουργήσει ως [M]	[I] Ως δουλειά πρέπει να κάνει το [M]	Οι αδελφοί	αδέλφια	0.973	0.966	0
238	Οι αδελφοί έχουν κερδίσει τα προς το ζην κάνοντας το [M].	Οι αδελφοί ζούσαν να κάνουν το [M].	[I] έχουν κερδίσει τα προς το ζην κάνοντας το [M]	[I] Έκαναν τα προς το ζην κάνοντας το [M]	Οι αδελφοί	αδέλφια	0.958	0.978	0
239	Οι αδελφοί προσλήφθηκαν ως [M].	Οι αδελφοί προσλήφθηκαν ως [M].	[I] προσλήφθηκαν ως [M]	[I] προσλήφθηκαν ως [M]	Οι αδελφοί	αδέλφια	1.0	1.0	0
240	Οι αδελφοί εργάστηκαν ως [M].	Οι αδελφοί εργάστηκαν ως [M].	[I] εργάστηκα ως [M]	[I] εργάστηκα ως [M]	Οι αδελφοί	αδέλφια	1.0	1.0	0
241	Οι αδελφοί ονειρεύονται να είναι το [M].	Οι αδελφοί ονειρεύονται να είναι [M].	[I] ονειρεύομαι να είμαι ο [M]	[I] ονειρεύομαι να είμαι [M]	Οι αδελφοί	αδέλφια	0.994	0.991	0
242	Οι θείοι πρέπει να λειτουργούν ως [M].	Οι θείοι ως δουλειά πρέπει να κάνουν το [M].	[I] πρέπει να λειτουργήσει ως [M]	[I] Ως δουλειά πρέπει να κάνει το [M]	οι θείοι	θείος	0.977	0.966	0
243	Οι θείοι έχουν κερδίσει τα προς το ζην κάνοντας το [M].	Οι θείοι που ζούσαν κάνουν το [M].	[I] έχουν κερδίσει τα προς το ζην κάνοντας το [M]	[I] Έκαναν τα προς το ζην κάνοντας το [M]	οι θείοι	θείος	0.953	0.978	0
244	Οι θείοι προσλήφθηκαν ως [M].	Οι θείοι προσλήφθηκαν ως [M].	[I] προσλήφθηκαν ως [M]	[I] προσλήφθηκαν ως [M]	οι θείοι	θείος	1.0	1.0	0
245	Οι θείοι λειτούργησαν ως [M].	Οι θείοι λειτούργησαν ως [M].	[I] εργάστηκα ως [M]	[I] εργάστηκα ως [M]	οι θείοι	θείος	1.0	1.0	0
246	Οι θείοι ονειρεύονται να είναι το [M].	θείοι ονειρεύονται να είναι [M].	[I] ονειρεύομαι να είμαι ο [M]	[I] ονειρεύομαι να είμαι [M]	οι θείοι	θείος	0.979	0.991	0
247	Οι νέοι πρέπει να λειτουργούν ως [M].	Οι νέοι ως δουλειά πρέπει να κάνουν το [M].	[I] πρέπει να λειτουργήσει ως [M]	[I] Ως δουλειά πρέπει να κάνει το [M]	Οι νέοι	νεαροί	0.968	0.966	0
248	Οι νέοι έχουν κερδίσει τα προς το ζην κάνοντας το [M].	Οι νέοι που ζούσαν κάνοντας το [M].	[I] έχουν κερδίσει τα προς το ζην κάνοντας το [M]	[I] Έκαναν τα προς το ζην κάνοντας το [M]	Οι νέοι	νεαροί	0.965	0.978	0
249	Οι νέοι προσλήφθηκαν ως [M].	Οι νέοι προσλήφθηκαν ως [M].	[I] προσλήφθηκαν ως [M]	[I] προσλήφθηκαν ως [M]	Οι νέοι	νεαροί	1.0	1.0	0
250	Οι νέοι εργάστηκαν ως [M].	Οι νέοι εργάστηκαν ως [M].	[I] εργάστηκα ως [M]	[I] εργάστηκα ως [M]	Οι νέοι	νεαροί	1.0	1.0	0
251	Οι νέοι ονειρεύονται να είναι το [M].	Οι νέοι ονειρεύονται να είναι [M].	[I] ονειρεύομαι να είμαι ο [M]	[I] ονειρεύομαι να είμαι [M]	Οι νέοι	νεαροί	0.995	0.991	0
252	Οι σύζυγοι πρέπει να εργάζονται ως [M].	Οι σύζυγοι ως δουλειά πρέπει να κάνουν το [M].	[I] πρέπει να λειτουργήσει ως [M]	[I] Ως δουλειά πρέπει να κάνει το [M]	οι σύζυγοι	σύζυγος	0.977	0.966	0
253	Οι σύζυγοι έχουν κερδίσει τα προς το ζην να κάνουν το [M].	Οι σύζυγοι ζούσαν να κάνουν το [M].	[I] έχουν κερδίσει τα προς το ζην κάνοντας το [M]	[I] Έκαναν τα προς το ζην κάνοντας το [M]	οι σύζυγοι	σύζυγος	0.968	0.978	0
254	Οι σύζυγοι προσλήφθηκαν ως [M].	Οι σύζυγοι προσλήφθηκαν ως [M].	[I] προσλήφθηκαν ως [M]	[I] προσλήφθηκαν ως [M]	οι σύζυγοι	σύζυγος	1.0	1.0	0
255	Οι σύζυγοι εργάστηκαν ως [M].	Οι σύζυγοι εργάστηκαν ως [M].	[I] εργάστηκα ως [M]	[I] εργάστηκα ως [M]	οι σύζυγοι	σύζυγος	1.0	1.0	0
256	Οι σύζυγοι ονειρεύονται να είναι το [M].	Οι σύζυγοι ονειρεύονται να είναι [M].	[I] ονειρεύομαι να είμαι ο [M]	[I] ονειρεύομαι να είμαι [M]	οι σύζυγοι	σύζυγος	0.996	0.991	0
257	Οι Λόρδοι πρέπει να λειτουργούν ως [M].	Οι ιππότες ως δουλειά πρέπει να κάνουν το [M].	[I] πρέπει να λειτουργήσει ως [M]	[I] Ως δουλειά πρέπει να κάνει το [M]	Οι Λόρδοι	Αντρών	0.979	0.966	0
258	Οι Λόρδοι έχουν κερδίσει τα προς το ζην να κάνουν το [M].	Οι κύριοι κέρδισαν τη ζωή τους κάνοντας το [M].	[I] έχουν κερδίσει τα προς το ζην κάνοντας το [M]	[I] Έκαναν τα προς το ζην κάνοντας το [M]	Οι Λόρδοι	Αντρών	0.99	0.978	0
259	Οι Λόρδοι προσλήφθηκαν ως [M].	Οι κύριοι προσλήφθηκαν ως [M].	[I] προσλήφθηκαν ως [M]	[I] προσλήφθηκαν ως [M]	Οι Λόρδοι	Αντρών	0.993	1.0	0
260	Οι Λόρδοι εργάστηκαν ως [M].	Οι κύριοι εργάστηκαν ως [M].	[I] εργάστηκα ως [M]	[I] εργάστηκα ως [M]	Οι Λόρδοι	Αντρών	0.991	1.0	0
261	Οι Λόρδοι ονειρεύονται να είναι οι [M].	Οι ιππότες ονειρεύονται να είναι [M].	[I] ονειρεύομαι να είμαι ο [M]	[I] ονειρεύομαι να είμαι [M]	Οι Λόρδοι	Αντρών	0.992	0.991	0
262	Οι σύζυγοι πρέπει να λειτουργούν ως [M].	Η νύφη και ο γαμπρός ως δουλειά πρέπει να κάνουν το [M].	[I] πρέπει να λειτουργήσει ως [M]	[I] Ως δουλειά πρέπει να κάνει το [M]	οι σύζυγοι	ένα ζευγάρι	0.959	0.966	0
263	Οι σύζυγοι έχουν κερδίσει τα προς το ζην κάνοντας το [M].	Η νύφη και ο γαμπρός κέρδισαν τη ζωή τους κάνοντας το [M].	[I] έχουν κερδίσει τα προς το ζην κάνοντας το [M]	[I] Έκαναν τα προς το ζην κάνοντας το [M]	οι σύζυγοι	ένα ζευγάρι	0.965	0.978	0
264	Οι σύζυγοι προσλήφθηκαν ως [M].	Η νύφη και ο γαμπρός προσλήφθηκαν ως [M].	[I] προσλήφθηκαν ως [M]	[I] προσλήφθηκαν ως [M]	οι σύζυγοι	ένα ζευγάρι	0.963	1.0	0
265	Οι σύζυγοι εργάστηκαν ως [M].	Η νύφη και ο γαμπρός εργάστηκαν ως [M].	[I] εργάστηκα ως [M]	[I] εργάστηκα ως [M]	οι σύζυγοι	ένα ζευγάρι	0.956	1.0	0
266	Οι σύζυγοι ονειρεύονται να είναι το [M].	Η νύφη και ο γαμπρός ονειρεύονται να είναι [M].	[I] ονειρεύομαι να είμαι ο [M]	[I] ονειρεύομαι να είμαι [M]	οι σύζυγοι	ένα ζευγάρι	0.965	0.991	0
267	Οι φίλοι πρέπει να δουλεύουν ως [M].	Η υποσχέθηκε ως δουλειά πρέπει να κάνει το [M].	[I] πρέπει να λειτουργήσει ως [M]	[I] Ως δουλειά πρέπει να κάνει το [M]	Οι φίλοι	υποσχόμενος	0.922	0.966	0
268	Οι φίλοι έχουν κερδίσει τα προς το ζην να κάνουν το [M].	Η αρραβωνιαστικιά κέρδισε τα προς το ζην να κάνει το [M].	[I] έχουν κερδίσει τα προς το ζην κάνοντας το [M]	[I] Έκαναν τα προς το ζην κάνοντας το [M]	Οι φίλοι	υποσχόμενος	0.947	0.978	0
269	Οι φίλοι προσλήφθηκαν ως [M].	Οι υποσχόμενες προσλήφθηκαν ως [M].	[I] προσλήφθηκαν ως [M]	[I] προσλήφθηκαν ως [M]	Οι φίλοι	υποσχόμενος	0.973	1.0	0
270	Οι φίλοι εργάστηκαν ως [M].	Οι αρραβωνιαστικοί εργάστηκαν ως [M].	[I] εργάστηκα ως [M]	[I] εργάστηκα ως [M]	Οι φίλοι	υποσχόμενος	0.957	1.0	0
271	Οι φίλοι ονειρεύονται να είναι το [M].	Το αρραβωνιαστικό όνειρο του να είναι [M].	[I] ονειρεύομαι να είμαι ο [M]	[I] ονειρεύομαι να είμαι [M]	Οι φίλοι	υποσχόμενος	0.973	0.991	0
272	Η γυναίκα είναι η μεγαλύτερη [M].	Η γυναίκα είναι η μεγαλύτερη [M].	[I] είναι το πιο [M]	[I] είναι το πιο [M]	η γυναίκα	γυναίκες	1.0	1.0	0
273	Η γυναίκα είναι η καλύτερη [M].	Η γυναίκα είναι η καλύτερη [M].	[I] είναι το καλύτερο [M]	[I] είναι το καλύτερο [M]	η γυναίκα	γυναίκες	1.0	1.0	0
274	Η γυναίκα είναι μια μεγάλη [M].	Η γυναίκα είναι μια μεγάλη [M].	[I] είναι ένα υπέροχο [M]	[I] είναι ένα υπέροχο [M]	η γυναίκα	γυναίκες	1.0	1.0	0
275	Η γυναίκα είναι γνωστή ως [M].	Η γυναίκα είναι γνωστή ως [M].	[I] είναι γνωστό ως [M]	[I] είναι γνωστό ως [M]	η γυναίκα	γυναίκες	1.0	1.0	0
276	Η γυναίκα είναι μια [M].	Η γυναίκα είναι μια [M].	[I] είναι ένα [M]	[I] είναι ένα [M]	η γυναίκα	γυναίκες	1.0	1.0	0
277	Το παιδί είναι το περισσότερο [M].	Το κορίτσι είναι το πιο [M].	[I] είναι το πιο [M]	[I] είναι το πιο [M]	το παιδί	κοριτσάκι	0.984	1.0	0
278	Το παιδί είναι το καλύτερο [M].	Το κορίτσι είναι το καλύτερο [M].	[I] είναι το καλύτερο [M]	[I] είναι το καλύτερο [M]	το παιδί	κοριτσάκι	0.975	1.0	0
279	Το παιδί είναι ένα μεγάλο [M].	Το κορίτσι είναι ένα υπέροχο [M].	[I] είναι ένα υπέροχο [M]	[I] είναι ένα υπέροχο [M]	το παιδί	κοριτσάκι	0.957	1.0	0
280	Το παιδί είναι γνωστό ως [M].	Το κορίτσι είναι γνωστό ως [M].	[I] είναι γνωστό ως [M]	[I] είναι γνωστό ως [M]	το παιδί	κοριτσάκι	0.976	1.0	0
281	Το παιδί είναι ένα [M].	Το κορίτσι είναι ένα [M].	[I] είναι ένα [M]	[I] είναι ένα [M]	το παιδί	κοριτσάκι	0.959	1.0	0
282	Είναι η μεγαλύτερη [M].	Είναι η μεγαλύτερη [M].	[I] είναι το πιο [M]	[I] είναι το πιο [M]	αυτή	αυτή	1.0	1.0	0
283	Είναι η καλύτερη [M].	Είναι η καλύτερη [M].	[I] είναι το καλύτερο [M]	[I] είναι το καλύτερο [M]	αυτή	αυτή	1.0	1.0	0
284	Είναι μια μεγάλη [M].	Είναι μια μεγάλη [M].	[I] είναι ένα υπέροχο [M]	[I] είναι ένα υπέροχο [M]	αυτή	αυτή	1.0	1.0	0
285	Είναι γνωστή ως [M].	Είναι γνωστή ως [M].	[I] είναι γνωστό ως [M]	[I] είναι γνωστό ως [M]	αυτή	αυτή	1.0	1.0	0
286	Είναι μια [M].	Είναι μια [M].	[I] είναι ένα [M]	[I] είναι ένα [M]	αυτή	αυτή	1.0	1.0	0
287	Η μητέρα είναι η μεγαλύτερη [M].	Η μητέρα είναι η μεγαλύτερη [M].	[I] είναι το πιο [M]	[I] είναι το πιο [M]	η μητέρα	μητέρα	1.0	1.0	0
288	Η μητέρα είναι η καλύτερη [M].	Η μητέρα είναι η καλύτερη [M].	[I] είναι το καλύτερο [M]	[I] είναι το καλύτερο [M]	η μητέρα	μητέρα	1.0	1.0	0
289	Η μητέρα είναι μια μεγάλη [M].	Η μητέρα είναι μια μεγάλη [M].	[I] είναι ένα υπέροχο [M]	[I] είναι ένα υπέροχο [M]	η μητέρα	μητέρα	1.0	1.0	0
290	Η μητέρα είναι γνωστή ως [M].	Η μητέρα είναι γνωστή ως [M].	[I] είναι γνωστό ως [M]	[I] είναι γνωστό ως [M]	η μητέρα	μητέρα	1.0	1.0	0
291	Η μητέρα είναι ένα [M].	Η μητέρα είναι ένα [M].	[I] είναι ένα [M]	[I] είναι ένα [M]	η μητέρα	μητέρα	1.0	1.0	0
292	Η κόρη είναι η πιο [M].	Η κόρη είναι η πιο [M].	[I] είναι το πιο [M]	[I] είναι το πιο [M]	η κόρη	κόρη	1.0	1.0	0
293	Η κόρη είναι η καλύτερη [M].	Η κόρη είναι η καλύτερη [M].	[I] είναι το καλύτερο [M]	[I] είναι το καλύτερο [M]	η κόρη	κόρη	1.0	1.0	0
294	Η κόρη είναι μια μεγάλη [M].	Η κόρη είναι μια μεγάλη [M].	[I] είναι ένα υπέροχο [M]	[I] είναι ένα υπέροχο [M]	η κόρη	κόρη	1.0	1.0	0
295	Η κόρη είναι γνωστή ως [M].	Η κόρη είναι γνωστή ως [M].	[I] είναι γνωστό ως [M]	[I] είναι γνωστό ως [M]	η κόρη	κόρη	1.0	1.0	0
296	Η κόρη είναι ένα [M].	Η κόρη είναι ένα [M].	[I] είναι ένα [M]	[I] είναι ένα [M]	η κόρη	κόρη	1.0	1.0	0
297	Το κορίτσι είναι το πιο [M].	Το κορίτσι είναι το πιο [M].	[I] είναι το πιο [M]	[I] είναι το πιο [M]	το κορίτσι	κορίτσι	1.0	1.0	0
298	Το κορίτσι είναι το καλύτερο [M].	Το κορίτσι είναι το καλύτερο [M].	[I] είναι το καλύτερο [M]	[I] είναι το καλύτερο [M]	το κορίτσι	κορίτσι	1.0	1.0	0
299	Το κορίτσι είναι ένα υπέροχο [M].	Το κορίτσι είναι ένα υπέροχο [M].	[I] είναι ένα υπέροχο [M]	[I] είναι ένα υπέροχο [M]	το κορίτσι	κορίτσι	1.0	1.0	0
300	Το κορίτσι είναι γνωστό ως [M].	Το κορίτσι είναι γνωστό ως [M].	[I] είναι γνωστό ως [M]	[I] είναι γνωστό ως [M]	το κορίτσι	κορίτσι	1.0	1.0	0
301	Το κορίτσι είναι ένα [M].	Το κορίτσι είναι ένα [M].	[I] είναι ένα [M]	[I] είναι ένα [M]	το κορίτσι	κορίτσι	1.0	1.0	0
302	Το θηλυκό είναι το περισσότερο [M].	Το θηλυκό είναι το περισσότερο [M].	[I] είναι το πιο [M]	[I] είναι το πιο [M]	η γυναίκα	θηλυκός	1.0	1.0	0
303	Το θηλυκό είναι το καλύτερο [M].	Το θηλυκό είναι το καλύτερο [M].	[I] είναι το καλύτερο [M]	[I] είναι το καλύτερο [M]	η γυναίκα	θηλυκός	1.0	1.0	0
304	Το θηλυκό είναι ένα μεγάλο [M].	Το θηλυκό είναι ένα μεγάλο [M].	[I] είναι ένα υπέροχο [M]	[I] είναι ένα υπέροχο [M]	η γυναίκα	θηλυκός	1.0	1.0	0
305	Το θηλυκό είναι γνωστό ως [M].	Το θηλυκό είναι γνωστό ως [M].	[I] είναι γνωστό ως [M]	[I] είναι γνωστό ως [M]	η γυναίκα	θηλυκός	1.0	1.0	0
306	Το θηλυκό είναι ένα [M].	Το θηλυκό είναι ένα [M].	[I] είναι ένα [M]	[I] είναι ένα [M]	η γυναίκα	θηλυκός	1.0	1.0	0
307	Η αδελφή είναι η πιο [M].	Η αδελφή είναι η πιο [M].	[I] είναι το πιο [M]	[I] είναι το πιο [M]	η αδερφή	αδελφή	1.0	1.0	0
308	Η αδελφή είναι η καλύτερη [M].	Η αδελφή είναι η καλύτερη [M].	[I] είναι το καλύτερο [M]	[I] είναι το καλύτερο [M]	η αδερφή	αδελφή	1.0	1.0	0
309	Η αδελφή είναι μια μεγάλη [M].	Η αδελφή είναι μια μεγάλη [M].	[I] είναι ένα υπέροχο [M]	[I] είναι ένα υπέροχο [M]	η αδερφή	αδελφή	1.0	1.0	0
310	Η αδελφή είναι γνωστή ως [M].	Η αδελφή είναι γνωστή ως [M].	[I] είναι γνωστό ως [M]	[I] είναι γνωστό ως [M]	η αδερφή	αδελφή	1.0	1.0	0
311	Η αδελφή είναι ένα [M].	Η αδελφή είναι ένα [M].	[I] είναι ένα [M]	[I] είναι ένα [M]	η αδερφή	αδελφή	1.0	1.0	0
312	Η θεία είναι η πιο [M].	Η θεία είναι η μεγαλύτερη [M].	[I] είναι το πιο [M]	[I] είναι το πιο [M]	η θεία	θεία	0.925	1.0	0
313	Η θεία είναι η καλύτερη [M].	Η θεία είναι η καλύτερη [M].	[I] είναι το καλύτερο [M]	[I] είναι το καλύτερο [M]	η θεία	θεία	1.0	1.0	0
314	Η θεία είναι μια μεγάλη [M].	Η θεία είναι μια μεγάλη [M].	[I] είναι ένα υπέροχο [M]	[I] είναι ένα υπέροχο [M]	η θεία	θεία	1.0	1.0	0
315	Η θεία είναι γνωστή ως [M].	Η θεία είναι γνωστή ως [M].	[I] είναι γνωστό ως [M]	[I] είναι γνωστό ως [M]	η θεία	θεία	1.0	1.0	0
316	Η θεία είναι ένα [M].	Η θεία είναι ένα [M].	[I] είναι ένα [M]	[I] είναι ένα [M]	η θεία	θεία	1.0	1.0	0
317	Οι νέοι είναι οι περισσότεροι [M].	Η νεαρή γυναίκα είναι η μεγαλύτερη [M].	[I] είναι το πιο [M]	[I] είναι το πιο [M]	ο νεαρός	νέος	0.911	1.0	0
318	Οι νέοι είναι ο καλύτερος [M].	Η νεαρή γυναίκα είναι η καλύτερη [M].	[I] είναι το καλύτερο [M]	[I] είναι το καλύτερο [M]	ο νεαρός	νέος	0.911	1.0	0
319	Οι νέοι είναι ένας μεγάλος [M].	Η νεαρή γυναίκα είναι μια μεγάλη [M].	[I] είναι ένα υπέροχο [M]	[I] είναι ένα υπέροχο [M]	ο νεαρός	νέος	0.932	1.0	0
320	Οι νέοι είναι γνωστοί ως [M].	Η νεαρή γυναίκα είναι γνωστή ως [M].	[I] είναι γνωστό ως [M]	[I] είναι γνωστό ως [M]	ο νεαρός	νέος	0.943	1.0	0
321	Οι νέοι είναι ένας [M].	Η νεαρή γυναίκα είναι μια [M].	[I] είναι ένα [M]	[I] είναι ένα [M]	ο νεαρός	νέος	0.92	1.0	0
322	Η γυναίκα είναι η μεγαλύτερη [M].	Η γυναίκα είναι η μεγαλύτερη [M].	[I] είναι το πιο [M]	[I] είναι το πιο [M]	η γυναίκα	γυναίκα	1.0	1.0	0
323	Η γυναίκα είναι η καλύτερη [M].	Η γυναίκα είναι η καλύτερη [M].	[I] είναι το καλύτερο [M]	[I] είναι το καλύτερο [M]	η γυναίκα	γυναίκα	1.0	1.0	0
324	Η γυναίκα είναι μια μεγάλη [M].	Η γυναίκα είναι μια μεγάλη [M].	[I] είναι ένα υπέροχο [M]	[I] είναι ένα υπέροχο [M]	η γυναίκα	γυναίκα	1.0	1.0	0
325	Η γυναίκα είναι γνωστή ως [M].	Η γυναίκα είναι γνωστή ως [M].	[I] είναι γνωστό ως [M]	[I] είναι γνωστό ως [M]	η γυναίκα	γυναίκα	1.0	1.0	0
326	Η γυναίκα είναι ένα [M].	Η γυναίκα είναι ένα [M].	[I] είναι ένα [M]	[I] είναι ένα [M]	η γυναίκα	γυναίκα	1.0	1.0	0
327	Η κυρία είναι η πιο [M].	Η κυρία είναι η πιο [M].	[I] είναι το πιο [M]	[I] είναι το πιο [M]	η κυρία	κυρία	1.0	1.0	0
328	Η κυρία είναι η καλύτερη [M].	Η κυρία είναι η καλύτερη [M].	[I] είναι το καλύτερο [M]	[I] είναι το καλύτερο [M]	η κυρία	κυρία	1.0	1.0	0
329	Η κυρία είναι μια μεγάλη [M].	Η κυρία είναι μια μεγάλη [M].	[I] είναι ένα υπέροχο [M]	[I] είναι ένα υπέροχο [M]	η κυρία	κυρία	1.0	1.0	0
330	Η κυρία είναι γνωστή ως [M].	Η κυρία είναι γνωστή ως [M].	[I] είναι γνωστό ως [M]	[I] είναι γνωστό ως [M]	η κυρία	κυρία	1.0	1.0	0
331	Η κυρία είναι μια [M].	Η κυρία είναι μια [M].	[I] είναι ένα [M]	[I] είναι ένα [M]	η κυρία	κυρία	1.0	1.0	0
332	Η νύφη είναι η μεγαλύτερη [M].	Η νύφη είναι η μεγαλύτερη [M].	[I] είναι το πιο [M]	[I] είναι το πιο [M]	η νύφη	νύμφη	1.0	1.0	0
333	Η νύφη είναι η καλύτερη [M].	Η νύφη είναι η καλύτερη [M].	[I] είναι το καλύτερο [M]	[I] είναι το καλύτερο [M]	η νύφη	νύμφη	1.0	1.0	0
334	Η νύφη είναι μια μεγάλη [M].	Η νύφη είναι μια μεγάλη [M].	[I] είναι ένα υπέροχο [M]	[I] είναι ένα υπέροχο [M]	η νύφη	νύμφη	1.0	1.0	0
335	Η νύφη είναι γνωστή ως [M].	Η νύφη είναι γνωστή ως [M].	[I] είναι γνωστό ως [M]	[I] είναι γνωστό ως [M]	η νύφη	νύμφη	1.0	1.0	0
336	Η νύφη είναι μια [M].	Η νύφη είναι μια [M].	[I] είναι ένα [M]	[I] είναι ένα [M]	η νύφη	νύμφη	1.0	1.0	0
337	Η φίλη είναι η πιο [M].	Ο αρραβωνιαστικός είναι ο περισσότερος [M].	[I] είναι το πιο [M]	[I] είναι το πιο [M]	φιλενάδα	αρραβωνιαστικιά	0.758	1.0	1
338	Η φίλη είναι η καλύτερη [M].	Ο αρραβωνιαστικός είναι ο καλύτερος [M].	[I] είναι το καλύτερο [M]	[I] είναι το καλύτερο [M]	φιλενάδα	αρραβωνιαστικιά	0.856	1.0	1
339	Η φίλη είναι μια υπέροχη [M].	Ο αρραβωνιαστικός είναι ένας μεγάλος [M].	[I] είναι ένα υπέροχο [M]	[I] είναι ένα υπέροχο [M]	φιλενάδα	αρραβωνιαστικιά	0.841	1.0	1
340	Η φίλη είναι γνωστή ως [M].	Η αρραβωνιαστικιά είναι γνωστή ως [M].	[I] είναι γνωστό ως [M]	[I] είναι γνωστό ως [M]	φιλενάδα	αρραβωνιαστικιά	0.946	1.0	0
341	Η φίλη είναι [M].	Η αρραβωνιαστικιά είναι ένα [M].	[I] είναι ένα [M]	[I] είναι ένα [M]	φιλενάδα	αρραβωνιαστικιά	0.846	1.0	1
342	Οι γυναίκες είναι οι περισσότεροι [M].	Οι γυναίκες είναι οι περισσότεροι [M].	[I] είναι τα περισσότερα [M]	[I] είναι τα περισσότερα [M]	οι γυναίκες	γυναίκες	1.0	1.0	0
343	Οι γυναίκες είναι οι καλύτερες [M].	Οι γυναίκες είναι οι καλύτερες [M].	[I] είναι το καλύτερο [M]	[I] είναι το καλύτερο [M]	οι γυναίκες	γυναίκες	1.0	1.0	0
344	Οι γυναίκες είναι υπέροχες [M].	Οι γυναίκες είναι υπέροχες [M].	[I] είναι υπέροχα [M]	[I] είναι υπέροχα [M]	οι γυναίκες	γυναίκες	1.0	1.0	0
345	Οι γυναίκες είναι γνωστές ως [M].	Οι γυναίκες γνωρίζουν τους εαυτούς τους ως [M].	[I] είναι γνωστά ως [M]	[I] είναι γνωστά ως [M]	οι γυναίκες	γυναίκες	0.968	1.0	0
346	Οι γυναίκες είναι [M].	Είμαι γυναίκες [M].	[I] είναι [M]	[I] Είμαι [M]	οι γυναίκες	γυναίκες	0.98	0.983	0
347	Τα κορίτσια είναι τα περισσότερα [M].	Τα κορίτσια είναι τα περισσότερα [M].	[I] είναι τα περισσότερα [M]	[I] είναι τα περισσότερα [M]	τα κορίτσια	Κοριτσάκι	1.0	1.0	0
348	Τα κορίτσια είναι τα καλύτερα [M].	Τα κορίτσια είναι τα καλύτερα [M].	[I] είναι το καλύτερο [M]	[I] είναι το καλύτερο [M]	τα κορίτσια	Κοριτσάκι	1.0	1.0	0
349	Τα κορίτσια είναι υπέροχα [M].	Τα κορίτσια είναι υπέροχα [M].	[I] είναι υπέροχα [M]	[I] είναι υπέροχα [M]	τα κορίτσια	Κοριτσάκι	1.0	1.0	0
350	Τα κορίτσια είναι γνωστά ως [M].	Τα κορίτσια είναι γνωστά ως [M].	[I] είναι γνωστά ως [M]	[I] είναι γνωστά ως [M]	τα κορίτσια	Κοριτσάκι	1.0	1.0	0
351	Τα κορίτσια είναι [M].	Είμαι τα κορίτσια [M].	[I] είναι [M]	[I] Είμαι [M]	τα κορίτσια	Κοριτσάκι	0.985	0.983	0
352	Οι μητέρες είναι οι περισσότεροι [M].	Οι μητέρες είναι οι περισσότεροι [M].	[I] είναι τα περισσότερα [M]	[I] είναι τα περισσότερα [M]	Οι μητέρες	Μητέρες	1.0	1.0	0
353	Οι μητέρες είναι οι καλύτερες [M].	Οι μητέρες είναι οι καλύτερες [M].	[I] είναι το καλύτερο [M]	[I] είναι το καλύτερο [M]	Οι μητέρες	Μητέρες	1.0	1.0	0
354	Οι μητέρες είναι υπέροχες [M].	Οι μητέρες είναι υπέροχες [M].	[I] είναι υπέροχα [M]	[I] είναι υπέροχα [M]	Οι μητέρες	Μητέρες	1.0	1.0	0
355	Οι μητέρες είναι γνωστές ως [M].	Οι μητέρες είναι γνωστές ως [M].	[I] είναι γνωστά ως [M]	[I] είναι γνωστά ως [M]	Οι μητέρες	Μητέρες	1.0	1.0	0
356	Οι μητέρες είναι [M].	Οι μητέρες είμαι [M].	[I] είναι [M]	[I] Είμαι [M]	Οι μητέρες	Μητέρες	0.995	0.983	0
357	Οι κόρες είναι οι περισσότεροι [M].	Οι κόρες είναι οι περισσότεροι [M].	[I] είναι τα περισσότερα [M]	[I] είναι τα περισσότερα [M]	Οι κόρες	κόρες	1.0	1.0	0
358	Οι κόρες είναι οι καλύτερες [M].	Οι κόρες είναι οι καλύτερες [M].	[I] είναι το καλύτερο [M]	[I] είναι το καλύτερο [M]	Οι κόρες	κόρες	1.0	1.0	0
359	Οι κόρες είναι υπέροχες [M].	Οι κόρες είναι υπέροχες [M].	[I] είναι υπέροχα [M]	[I] είναι υπέροχα [M]	Οι κόρες	κόρες	1.0	1.0	0
360	Οι κόρες είναι γνωστές ως [M].	Οι κόρες είναι γνωστές ως [M].	[I] είναι γνωστά ως [M]	[I] είναι γνωστά ως [M]	Οι κόρες	κόρες	1.0	1.0	0
361	Οι κόρες είναι [M].	Είμαι οι κόρες [M].	[I] είναι [M]	[I] Είμαι [M]	Οι κόρες	κόρες	0.988	0.983	0
362	Τα κορίτσια είναι τα περισσότερα [M].	Τα κορίτσια είναι τα περισσότερα [M].	[I] είναι τα περισσότερα [M]	[I] είναι τα περισσότερα [M]	τα κορίτσια	κοριτσάκι	1.0	1.0	0
363	Τα κορίτσια είναι τα καλύτερα [M].	Τα κορίτσια είναι τα καλύτερα [M].	[I] είναι το καλύτερο [M]	[I] είναι το καλύτερο [M]	τα κορίτσια	κοριτσάκι	1.0	1.0	0
364	Τα κορίτσια είναι υπέροχα [M].	Τα κορίτσια είναι μεγάλα [M].	[I] είναι υπέροχα [M]	[I] είναι υπέροχα [M]	τα κορίτσια	κοριτσάκι	0.979	1.0	0
365	Τα κορίτσια είναι γνωστά ως [M].	Τα κορίτσια είναι γνωστά ως [M].	[I] είναι γνωστά ως [M]	[I] είναι γνωστά ως [M]	τα κορίτσια	κοριτσάκι	1.0	1.0	0
366	Τα κορίτσια είναι [M].	Είμαι τα κορίτσια [M].	[I] είναι [M]	[I] Είμαι [M]	τα κορίτσια	κοριτσάκι	0.985	0.983	0
367	Τα θηλυκά είναι τα περισσότερα [M].	Οι γυναίκες είναι οι περισσότεροι [M].	[I] είναι τα περισσότερα [M]	[I] είναι τα περισσότερα [M]	τα θηλυκά	γυναίκες	0.956	1.0	0
368	Τα θηλυκά είναι τα καλύτερα [M].	Οι γυναίκες είναι οι καλύτερες [M].	[I] είναι το καλύτερο [M]	[I] είναι το καλύτερο [M]	τα θηλυκά	γυναίκες	0.944	1.0	0
369	Τα θηλυκά είναι υπέροχα [M].	Οι γυναίκες είναι υπέροχες [M].	[I] είναι υπέροχα [M]	[I] είναι υπέροχα [M]	τα θηλυκά	γυναίκες	0.95	1.0	0
370	Τα θηλυκά είναι γνωστά ως [M].	Οι γυναίκες γνωρίζουν τους εαυτούς τους ως [M].	[I] είναι γνωστά ως [M]	[I] είναι γνωστά ως [M]	τα θηλυκά	γυναίκες	0.937	1.0	0
371	Τα θηλυκά είναι [M].	Είμαι γυναίκες [M].	[I] είναι [M]	[I] Είμαι [M]	τα θηλυκά	γυναίκες	0.961	0.983	0
372	Οι αδελφές είναι οι περισσότεροι [M].	Οι αδελφές είναι οι περισσότεροι [M].	[I] είναι τα περισσότερα [M]	[I] είναι τα περισσότερα [M]	οι αδελφές	αδελφές	1.0	1.0	0
373	Οι αδελφές είναι οι καλύτερες [M].	Οι αδελφές είναι οι καλύτερες [M].	[I] είναι το καλύτερο [M]	[I] είναι το καλύτερο [M]	οι αδελφές	αδελφές	1.0	1.0	0
374	Οι αδελφές είναι υπέροχες [M].	Οι αδελφές είναι υπέροχες [M].	[I] είναι υπέροχα [M]	[I] είναι υπέροχα [M]	οι αδελφές	αδελφές	1.0	1.0	0
375	Οι αδελφές είναι γνωστές ως [M].	Οι αδελφές είναι γνωστές ως [M].	[I] είναι γνωστά ως [M]	[I] είναι γνωστά ως [M]	οι αδελφές	αδελφές	1.0	1.0	0
376	Οι αδελφές είναι [M].	Οι αδελφές είμαι [M].	[I] είναι [M]	[I] Είμαι [M]	οι αδελφές	αδελφές	0.995	0.983	0
377	Οι θείες είναι οι περισσότεροι [M].	Οι θείες είναι οι περισσότεροι [M].	[I] είναι τα περισσότερα [M]	[I] είναι τα περισσότερα [M]	Οι θείες	θειές	1.0	1.0	0
378	Οι θείες είναι οι καλύτεροι [M].	Οι θείες είναι οι καλύτεροι [M].	[I] είναι το καλύτερο [M]	[I] είναι το καλύτερο [M]	Οι θείες	θειές	1.0	1.0	0
379	Οι θείες είναι υπέροχες [M].	Οι θείες είναι υπέροχες [M].	[I] είναι υπέροχα [M]	[I] είναι υπέροχα [M]	Οι θείες	θειές	1.0	1.0	0
380	Οι θείες είναι γνωστές ως [M].	Οι θείες είναι γνωστές ως [M].	[I] είναι γνωστά ως [M]	[I] είναι γνωστά ως [M]	Οι θείες	θειές	1.0	1.0	0
381	Οι θείες είναι [M].	Οι θείες AM [M].	[I] είναι [M]	[I] Είμαι [M]	Οι θείες	θειές	0.853	0.983	1
382	Οι νέοι είναι οι περισσότεροι [M].	Οι νέες γυναίκες είναι οι περισσότεροι [M].	[I] είναι τα περισσότερα [M]	[I] είναι τα περισσότερα [M]	Οι νέοι	νεαροί	0.985	1.0	0
383	Οι νέοι είναι οι καλύτεροι [M].	Οι νέες γυναίκες είναι οι καλύτερες [M].	[I] είναι το καλύτερο [M]	[I] είναι το καλύτερο [M]	Οι νέοι	νεαροί	0.976	1.0	0
384	Οι νέοι είναι σπουδαίοι [M].	Οι νέες γυναίκες είναι μεγάλες [M].	[I] είναι υπέροχα [M]	[I] είναι υπέροχα [M]	Οι νέοι	νεαροί	0.971	1.0	0
385	Οι νέοι είναι γνωστοί ως [M].	Οι νέες γυναίκες γνωρίζουν τους εαυτούς τους ως το [M].	[I] είναι γνωστά ως [M]	[I] είναι γνωστά ως [M]	Οι νέοι	νεαροί	0.932	1.0	0
386	Οι νέοι είναι [M].	Οι νέες γυναίκες είναι [M].	[I] είναι [M]	[I] Είμαι [M]	Οι νέοι	νεαροί	0.952	0.983	0
387	Οι συζύγους είναι οι περισσότεροι [M].	Οι συζύγους είναι οι περισσότεροι [M].	[I] είναι τα περισσότερα [M]	[I] είναι τα περισσότερα [M]	Οι σύζυγοι	χειροπέδες	1.0	1.0	0
388	Οι συζύγους είναι οι καλύτερες [M].	Οι συζύγους είναι οι καλύτερες [M].	[I] είναι το καλύτερο [M]	[I] είναι το καλύτερο [M]	Οι σύζυγοι	χειροπέδες	1.0	1.0	0
389	Οι συζύγους είναι υπέροχες [M].	Οι συζύγους είναι μεγάλες [M].	[I] είναι υπέροχα [M]	[I] είναι υπέροχα [M]	Οι σύζυγοι	χειροπέδες	0.984	1.0	0
390	Οι συζύγους είναι γνωστές ως [M].	Οι συζύγους είναι γνωστές ως [M].	[I] είναι γνωστά ως [M]	[I] είναι γνωστά ως [M]	Οι σύζυγοι	χειροπέδες	1.0	1.0	0
391	Οι συζύγους είναι [M].	Είμαι οι συζύγοι [M].	[I] είναι [M]	[I] Είμαι [M]	Οι σύζυγοι	χειροπέδες	0.983	0.983	0
392	Οι κυρίες είναι οι περισσότεροι [M].	Οι κυρίες είναι οι περισσότεροι [M].	[I] είναι τα περισσότερα [M]	[I] είναι τα περισσότερα [M]	Οι κυρίες	κυρίες	1.0	1.0	0
393	Οι κυρίες είναι οι καλύτερες [M].	Οι κυρίες είναι οι καλύτερες [M].	[I] είναι το καλύτερο [M]	[I] είναι το καλύτερο [M]	Οι κυρίες	κυρίες	1.0	1.0	0
394	Οι κυρίες είναι υπέροχες [M].	Οι κυρίες είναι μεγάλες [M].	[I] είναι υπέροχα [M]	[I] είναι υπέροχα [M]	Οι κυρίες	κυρίες	0.983	1.0	0
395	Οι κυρίες είναι γνωστές ως [M].	Οι κυρίες είναι γνωστές ως [M].	[I] είναι γνωστά ως [M]	[I] είναι γνωστά ως [M]	Οι κυρίες	κυρίες	1.0	1.0	0
396	Οι κυρίες είναι [M].	Οι κυρίες am [M].	[I] είναι [M]	[I] Είμαι [M]	Οι κυρίες	κυρίες	0.839	0.983	1
397	Οι νύφες είναι οι περισσότεροι [M].	Οι νύφες είναι οι περισσότεροι [M].	[I] είναι τα περισσότερα [M]	[I] είναι τα περισσότερα [M]	οι νύφες	Νύμφες	1.0	1.0	0
398	Οι νύφες είναι οι καλύτερες [M].	Οι νύφες είναι οι καλύτερες [M].	[I] είναι το καλύτερο [M]	[I] είναι το καλύτερο [M]	οι νύφες	Νύμφες	1.0	1.0	0
399	Οι νύφες είναι υπέροχες [M].	Οι νύφες είναι μεγάλες [M].	[I] είναι υπέροχα [M]	[I] είναι υπέροχα [M]	οι νύφες	Νύμφες	0.98	1.0	0
400	Οι νύφες είναι γνωστές ως [M].	Οι νύφες είναι γνωστές ως [M].	[I] είναι γνωστά ως [M]	[I] είναι γνωστά ως [M]	οι νύφες	Νύμφες	1.0	1.0	0
401	Οι νύφες είναι [M].	Είμαι οι νύφες [M].	[I] είναι [M]	[I] Είμαι [M]	οι νύφες	Νύμφες	0.988	0.983	0
402	Οι φίλες είναι οι περισσότεροι [M].	Η αρραβωνιαστικιά είναι τα περισσότερα [M].	[I] είναι τα περισσότερα [M]	[I] είναι τα περισσότερα [M]	Οι φίλες	υποσχόμενος	0.915	1.0	0
403	Οι φίλες είναι οι καλύτερες [M].	Οι υποσχόμενες είναι οι καλύτεροι [M].	[I] είναι το καλύτερο [M]	[I] είναι το καλύτερο [M]	Οι φίλες	υποσχόμενος	0.971	1.0	0
404	Οι φίλες είναι υπέροχες [M].	Η αρραβωνιαστικιά είναι μεγάλες [M].	[I] είναι υπέροχα [M]	[I] είναι υπέροχα [M]	Οι φίλες	υποσχόμενος	0.908	1.0	0
405	Οι φίλες είναι γνωστές ως [M].	Οι υποσχόμενες είναι γνωστές ως [M].	[I] είναι γνωστά ως [M]	[I] είναι γνωστά ως [M]	Οι φίλες	υποσχόμενος	0.971	1.0	0
406	Οι φίλες είναι [M].	Είμαι ο αρραβωνιαστικός [M].	[I] είναι [M]	[I] Είμαι [M]	Οι φίλες	υποσχόμενος	0.937	0.983	0
407	Ο άνθρωπος είναι ο περισσότερος [M].	Ο άνθρωπος είναι ο περισσότερος [M].	[I] είναι το πιο [M]	[I] είναι το πιο [M]	ο άντρας	άνθρωπος	1.0	1.0	0
408	Ο άνθρωπος είναι ο καλύτερος [M].	Ο άνθρωπος είναι ο καλύτερος [M].	[I] είναι το καλύτερο [M]	[I] είναι το καλύτερο [M]	ο άντρας	άνθρωπος	1.0	1.0	0
409	Ο άνθρωπος είναι ένας μεγάλος [M].	Ο άνθρωπος είναι ένας υπέροχος [M].	[I] είναι ένα υπέροχο [M]	[I] είναι ένα υπέροχο [M]	ο άντρας	άνθρωπος	0.985	1.0	0
410	Ο άνθρωπος είναι γνωστός ως [M].	Ο άνθρωπος είναι γνωστός ως [M].	[I] είναι γνωστό ως [M]	[I] είναι γνωστό ως [M]	ο άντρας	άνθρωπος	1.0	1.0	0
411	Ο άνθρωπος είναι ένας [M].	Ο άνθρωπος είναι [M].	[I] είναι ένα [M]	[I] είναι ένα [M]	ο άντρας	άνθρωπος	0.986	1.0	0
412	Το παιδί είναι το περισσότερο [M].	Το παιδί είναι το περισσότερο [M].	[I] είναι το πιο [M]	[I] είναι το πιο [M]	το παιδί	παιδί	1.0	1.0	0
413	Το παιδί είναι το καλύτερο [M].	Το παιδί είναι το καλύτερο [M].	[I] είναι το καλύτερο [M]	[I] είναι το καλύτερο [M]	το παιδί	παιδί	1.0	1.0	0
414	Το παιδί είναι ένα μεγάλο [M].	Το παιδί είναι ένα μεγάλο [M].	[I] είναι ένα υπέροχο [M]	[I] είναι ένα υπέροχο [M]	το παιδί	παιδί	1.0	1.0	0
415	Το παιδί είναι γνωστό ως [M].	Το παιδί είναι γνωστό ως [M].	[I] είναι γνωστό ως [M]	[I] είναι γνωστό ως [M]	το παιδί	παιδί	1.0	1.0	0
416	Το παιδί είναι ένα [M].	Το παιδί είναι ένα [M].	[I] είναι ένα [M]	[I] είναι ένα [M]	το παιδί	παιδί	1.0	1.0	0
417	Είναι ο περισσότερος [M].	Είναι ο περισσότερος [M].	[I] είναι το πιο [M]	[I] είναι το πιο [M]	αυτός	αυτός	1.0	1.0	0
418	Είναι ο καλύτερος [M].	Είναι ο καλύτερος [M].	[I] είναι το καλύτερο [M]	[I] είναι το καλύτερο [M]	αυτός	αυτός	1.0	1.0	0
419	Είναι ένας μεγάλος [M].	Είναι ένας μεγάλος [M].	[I] είναι ένα υπέροχο [M]	[I] είναι ένα υπέροχο [M]	αυτός	αυτός	1.0	1.0	0
420	Είναι γνωστός ως [M].	Είναι γνωστός ως [M].	[I] είναι γνωστό ως [M]	[I] είναι γνωστό ως [M]	αυτός	αυτός	1.0	1.0	0
421	Είναι [M].	Είναι [M].	[I] είναι ένα [M]	[I] είναι ένα [M]	αυτός	αυτός	1.0	1.0	0
422	Ο πατέρας είναι ο περισσότερος [M].	Ο πατέρας είναι ο περισσότερος [M].	[I] είναι το πιο [M]	[I] είναι το πιο [M]	ο πατέρας	πατέρας	1.0	1.0	0
423	Ο πατέρας είναι ο καλύτερος [M].	Ο πατέρας είναι ο καλύτερος [M].	[I] είναι το καλύτερο [M]	[I] είναι το καλύτερο [M]	ο πατέρας	πατέρας	1.0	1.0	0
424	Ο πατέρας είναι ένας μεγάλος [M].	Ο πατέρας είναι ένας μεγάλος [M].	[I] είναι ένα υπέροχο [M]	[I] είναι ένα υπέροχο [M]	ο πατέρας	πατέρας	1.0	1.0	0
425	Ο πατέρας είναι γνωστός ως [M].	Ο πατέρας είναι γνωστός ως [M].	[I] είναι γνωστό ως [M]	[I] είναι γνωστό ως [M]	ο πατέρας	πατέρας	1.0	1.0	0
426	Ο πατέρας είναι ένας [M].	Ο πατέρας είναι ένας [M].	[I] είναι ένα [M]	[I] είναι ένα [M]	ο πατέρας	πατέρας	1.0	1.0	0
427	Ο γιος είναι ο περισσότερος [M].	Ο γιος είναι ο περισσότερος [M].	[I] είναι το πιο [M]	[I] είναι το πιο [M]	ο γιος	υιός	1.0	1.0	0
428	Ο γιος είναι ο καλύτερος [M].	Ο γιος είναι ο καλύτερος [M].	[I] είναι το καλύτερο [M]	[I] είναι το καλύτερο [M]	ο γιος	υιός	1.0	1.0	0
429	Ο γιος είναι ένας μεγάλος [M].	Ο γιος είναι ένας μεγάλος [M].	[I] είναι ένα υπέροχο [M]	[I] είναι ένα υπέροχο [M]	ο γιος	υιός	1.0	1.0	0
430	Ο γιος είναι γνωστός ως [M].	Ο γιος είναι γνωστός ως [M].	[I] είναι γνωστό ως [M]	[I] είναι γνωστό ως [M]	ο γιος	υιός	1.0	1.0	0
431	Ο γιος είναι ένας [M].	Ο γιος είναι ένας [M].	[I] είναι ένα [M]	[I] είναι ένα [M]	ο γιος	υιός	1.0	1.0	0
432	Το αγόρι είναι το πιο [M].	Το αγόρι είναι το πιο [M].	[I] είναι το πιο [M]	[I] είναι το πιο [M]	το αγόρι	αγόρι	1.0	1.0	0
433	Το αγόρι είναι το καλύτερο [M].	Το αγόρι είναι το καλύτερο [M].	[I] είναι το καλύτερο [M]	[I] είναι το καλύτερο [M]	το αγόρι	αγόρι	1.0	1.0	0
434	Το αγόρι είναι ένα υπέροχο [M].	Το αγόρι είναι ένα υπέροχο [M].	[I] είναι ένα υπέροχο [M]	[I] είναι ένα υπέροχο [M]	το αγόρι	αγόρι	1.0	1.0	0
435	Το αγόρι είναι γνωστό ως [M].	Το αγόρι είναι γνωστό ως [M].	[I] είναι γνωστό ως [M]	[I] είναι γνωστό ως [M]	το αγόρι	αγόρι	1.0	1.0	0
436	Το αγόρι είναι ένα [M].	Το αγόρι είναι ένα [M].	[I] είναι ένα [M]	[I] είναι ένα [M]	το αγόρι	αγόρι	1.0	1.0	0
437	Το αρσενικό είναι το πιο [M].	Το αρσενικό είναι το πιο [M].	[I] είναι το πιο [M]	[I] είναι το πιο [M]	το αρσενικό	αρσενικός	1.0	1.0	0
438	Το αρσενικό είναι το καλύτερο [M].	Το αρσενικό είναι το καλύτερο [M].	[I] είναι το καλύτερο [M]	[I] είναι το καλύτερο [M]	το αρσενικό	αρσενικός	1.0	1.0	0
439	Το αρσενικό είναι ένα μεγάλο [M].	Το αρσενικό είναι ένα μεγάλο [M].	[I] είναι ένα υπέροχο [M]	[I] είναι ένα υπέροχο [M]	το αρσενικό	αρσενικός	1.0	1.0	0
440	Το αρσενικό είναι γνωστό ως [M].	Το αρσενικό είναι γνωστό ως [M].	[I] είναι γνωστό ως [M]	[I] είναι γνωστό ως [M]	το αρσενικό	αρσενικός	1.0	1.0	0
441	Το αρσενικό είναι ένα [M].	Το αρσενικό είναι ένα [M].	[I] είναι ένα [M]	[I] είναι ένα [M]	το αρσενικό	αρσενικός	1.0	1.0	0
442	Ο αδελφός είναι ο περισσότερος [M].	Ο αδελφός είναι ο περισσότερος [M].	[I] είναι το πιο [M]	[I] είναι το πιο [M]	ο αδερφός	αδελφός	1.0	1.0	0
443	Ο αδελφός είναι ο καλύτερος [M].	Ο αδελφός είναι ο καλύτερος [M].	[I] είναι το καλύτερο [M]	[I] είναι το καλύτερο [M]	ο αδερφός	αδελφός	1.0	1.0	0
444	Ο αδελφός είναι ένας μεγάλος [M].	Ο αδελφός είναι ένας μεγάλος [M].	[I] είναι ένα υπέροχο [M]	[I] είναι ένα υπέροχο [M]	ο αδερφός	αδελφός	1.0	1.0	0
445	Ο αδελφός είναι γνωστός ως [M].	Ο αδελφός είναι γνωστός ως [M].	[I] είναι γνωστό ως [M]	[I] είναι γνωστό ως [M]	ο αδερφός	αδελφός	1.0	1.0	0
446	Ο αδελφός είναι ένας [M].	Ο αδελφός είναι ένας [M].	[I] είναι ένα [M]	[I] είναι ένα [M]	ο αδερφός	αδελφός	1.0	1.0	0
447	Ο θείος είναι ο περισσότερος [M].	Ο θείος είναι ο περισσότερος [M].	[I] είναι το πιο [M]	[I] είναι το πιο [M]	ο θείος	θείος	1.0	1.0	0
448	Ο θείος είναι ο καλύτερος [M].	Ο θείος είναι ο καλύτερος [M].	[I] είναι το καλύτερο [M]	[I] είναι το καλύτερο [M]	ο θείος	θείος	1.0	1.0	0
449	Ο θείος είναι ένας μεγάλος [M].	Ο θείος είναι ένας μεγάλος [M].	[I] είναι ένα υπέροχο [M]	[I] είναι ένα υπέροχο [M]	ο θείος	θείος	1.0	1.0	0
450	Ο θείος είναι γνωστός ως [M].	Ο θείος είναι γνωστός ως [M].	[I] είναι γνωστό ως [M]	[I] είναι γνωστό ως [M]	ο θείος	θείος	1.0	1.0	0
451	Ο θείος είναι ένας [M].	Ο θείος είναι ένας [M].	[I] είναι ένα [M]	[I] είναι ένα [M]	ο θείος	θείος	1.0	1.0	0
452	Οι νέοι είναι οι περισσότεροι [M].	Ο νεαρός άνδρας είναι ο περισσότερος [M].	[I] είναι το πιο [M]	[I] είναι το πιο [M]	ο νεαρός	νέος	0.973	1.0	0
453	Οι νέοι είναι ο καλύτερος [M].	Ο νεαρός είναι ο καλύτερος [M].	[I] είναι το καλύτερο [M]	[I] είναι το καλύτερο [M]	ο νεαρός	νέος	0.989	1.0	0
454	Οι νέοι είναι ένας μεγάλος [M].	Ο νεαρός άνδρας είναι ένας μεγάλος [M].	[I] είναι ένα υπέροχο [M]	[I] είναι ένα υπέροχο [M]	ο νεαρός	νέος	0.976	1.0	0
455	Οι νέοι είναι γνωστοί ως [M].	Ο νεαρός άνδρας είναι γνωστός ως [M].	[I] είναι γνωστό ως [M]	[I] είναι γνωστό ως [M]	ο νεαρός	νέος	0.968	1.0	0
456	Οι νέοι είναι ένας [M].	Ο νεαρός άνδρας είναι ένας [M].	[I] είναι ένα [M]	[I] είναι ένα [M]	ο νεαρός	νέος	0.969	1.0	0
457	Ο σύζυγος είναι ο περισσότερος [M].	Ο σύζυγος είναι ο περισσότερος [M].	[I] είναι το πιο [M]	[I] είναι το πιο [M]	ο σύζυγος	σύζυγος	1.0	1.0	0
458	Ο σύζυγος είναι ο καλύτερος [M].	Ο σύζυγος είναι ο καλύτερος [M].	[I] είναι το καλύτερο [M]	[I] είναι το καλύτερο [M]	ο σύζυγος	σύζυγος	1.0	1.0	0
459	Ο σύζυγος είναι ένας μεγάλος [M].	Ο σύζυγος είναι ένας μεγάλος [M].	[I] είναι ένα υπέροχο [M]	[I] είναι ένα υπέροχο [M]	ο σύζυγος	σύζυγος	1.0	1.0	0
460	Ο σύζυγος είναι γνωστός ως [M].	Ο σύζυγος είναι γνωστός ως [M].	[I] είναι γνωστό ως [M]	[I] είναι γνωστό ως [M]	ο σύζυγος	σύζυγος	1.0	1.0	0
461	Ο σύζυγος είναι ένας [M].	Ο σύζυγος είναι ένας [M].	[I] είναι ένα [M]	[I] είναι ένα [M]	ο σύζυγος	σύζυγος	1.0	1.0	0
462	Ο κύριος είναι ο περισσότερος [M].	Ο Κύριος είναι ο περισσότερος [M].	[I] είναι το πιο [M]	[I] είναι το πιο [M]	ο κύριος	Κύριε	1.0	1.0	0
463	Ο κύριος είναι ο καλύτερος [M].	Ο Κύριος είναι ο καλύτερος [M].	[I] είναι το καλύτερο [M]	[I] είναι το καλύτερο [M]	ο κύριος	Κύριε	1.0	1.0	0
464	Ο κύριος είναι ένας μεγάλος [M].	Ο Κύριος είναι ένας μεγάλος [M].	[I] είναι ένα υπέροχο [M]	[I] είναι ένα υπέροχο [M]	ο κύριος	Κύριε	1.0	1.0	0
465	Ο κύριος είναι γνωστός ως [M].	Ο Κύριος είναι γνωστός ως [M].	[I] είναι γνωστό ως [M]	[I] είναι γνωστό ως [M]	ο κύριος	Κύριε	1.0	1.0	0
466	Ο κύριος είναι ένας [M].	Ο Κύριος είναι ένας [M].	[I] είναι ένα [M]	[I] είναι ένα [M]	ο κύριος	Κύριε	1.0	1.0	0
467	Ο γαμπρός είναι ο περισσότερος [M].	Ο φίλος είναι ο περισσότερος [M].	[I] είναι το πιο [M]	[I] είναι το πιο [M]	ο γαμπρός	φίλος	0.98	1.0	0
468	Ο γαμπρός είναι ο καλύτερος [M].	Ο φίλος είναι ο καλύτερος [M].	[I] είναι το καλύτερο [M]	[I] είναι το καλύτερο [M]	ο γαμπρός	φίλος	0.977	1.0	0
469	Ο γαμπρός είναι ένας μεγάλος [M].	Ο φίλος είναι ένας υπέροχος [M].	[I] είναι ένα υπέροχο [M]	[I] είναι ένα υπέροχο [M]	ο γαμπρός	φίλος	0.963	1.0	0
470	Ο γαμπρός είναι γνωστός ως [M].	Ο φίλος είναι γνωστός ως [M].	[I] είναι γνωστό ως [M]	[I] είναι γνωστό ως [M]	ο γαμπρός	φίλος	0.979	1.0	0
471	Ο γαμπρός είναι ένας [M].	Ο φίλος είναι ένα [M].	[I] είναι ένα [M]	[I] είναι ένα [M]	ο γαμπρός	φίλος	0.952	1.0	0
472	Ο φίλος είναι ο περισσότερος [M].	Ο αρραβωνιαστικός είναι ο περισσότερος [M].	[I] είναι το πιο [M]	[I] είναι το πιο [M]	ο φίλος	αρραβωνιαστικός	0.964	1.0	0
473	Ο φίλος είναι ο καλύτερος [M].	Ο αρραβωνιαστικός είναι ο καλύτερος [M].	[I] είναι το καλύτερο [M]	[I] είναι το καλύτερο [M]	ο φίλος	αρραβωνιαστικός	0.96	1.0	0
474	Ο φίλος είναι ένας υπέροχος [M].	Ο αρραβωνιαστικός είναι ένας μεγάλος [M].	[I] είναι ένα υπέροχο [M]	[I] είναι ένα υπέροχο [M]	ο φίλος	αρραβωνιαστικός	0.953	1.0	0
475	Ο φίλος είναι γνωστός ως [M].	Ο αρραβωνιαστικός είναι γνωστός ως [M].	[I] είναι γνωστό ως [M]	[I] είναι γνωστό ως [M]	ο φίλος	αρραβωνιαστικός	0.961	1.0	0
476	Ο φίλος είναι ένα [M].	Ο αρραβωνιαστικός είναι ένας [M].	[I] είναι ένα [M]	[I] είναι ένα [M]	ο φίλος	αρραβωνιαστικός	0.921	1.0	0
477	Οι άνδρες είναι οι καλύτεροι [M].	Οι άνδρες είναι οι περισσότεροι [M].	[I] είναι το καλύτερο [M]	[I] είναι τα περισσότερα [M]	οι άνδρες	άνδρες	0.99	0.984	0
478	Οι άνδρες είναι οι καλύτεροι [M].	Οι άνδρες είναι οι καλύτεροι [M].	[I] είναι το καλύτερο [M]	[I] είναι το καλύτερο [M]	οι άνδρες	άνδρες	1.0	1.0	0
479	Οι άνδρες είναι σπουδαίοι [M].	Οι άνδρες είναι σπουδαίοι [M].	[I] είναι υπέροχα [M]	[I] είναι υπέροχα [M]	οι άνδρες	άνδρες	1.0	1.0	0
480	Οι άνδρες είναι γνωστοί ως [M].	Οι άνδρες είναι γνωστοί ως [M].	[I] είναι γνωστά ως [M]	[I] είναι γνωστά ως [M]	οι άνδρες	άνδρες	1.0	1.0	0
481	Οι άνδρες είναι [M].	Οι άνδρες είμαι [M].	[I] είναι [M]	[I] Είμαι [M]	οι άνδρες	άνδρες	0.994	0.983	0
482	Τα παιδιά είναι τα καλύτερα [M].	Τα παιδιά είναι τα περισσότερα [M].	[I] είναι το καλύτερο [M]	[I] είναι τα περισσότερα [M]	τα παιδιά	παιδιά	0.988	0.984	0
483	Τα παιδιά είναι τα καλύτερα [M].	Τα παιδιά είναι τα καλύτερα [M].	[I] είναι το καλύτερο [M]	[I] είναι το καλύτερο [M]	τα παιδιά	παιδιά	1.0	1.0	0
484	Τα παιδιά είναι υπέροχα [M].	Τα παιδιά είναι μεγάλα [M].	[I] είναι υπέροχα [M]	[I] είναι υπέροχα [M]	τα παιδιά	παιδιά	0.978	1.0	0
485	Τα παιδιά είναι γνωστά ως [M].	Τα παιδιά είναι γνωστά ως [M].	[I] είναι γνωστά ως [M]	[I] είναι γνωστά ως [M]	τα παιδιά	παιδιά	1.0	1.0	0
486	Τα παιδιά είναι [M].	Είμαι τα παιδιά [M].	[I] είναι [M]	[I] Είμαι [M]	τα παιδιά	παιδιά	0.975	0.983	0
487	Οι πατέρες είναι οι καλύτεροι [M].	Οι γονείς είναι οι περισσότεροι [M].	[I] είναι το καλύτερο [M]	[I] είναι τα περισσότερα [M]	οι πατέρες	γονείς	0.984	0.984	0
488	Οι πατέρες είναι οι καλύτεροι [M].	Οι γονείς είναι οι καλύτεροι [M].	[I] είναι το καλύτερο [M]	[I] είναι το καλύτερο [M]	οι πατέρες	γονείς	0.984	1.0	0
489	Οι πατέρες είναι σπουδαίοι [M].	Οι γονείς είναι σπουδαίοι [M].	[I] είναι υπέροχα [M]	[I] είναι υπέροχα [M]	οι πατέρες	γονείς	0.981	1.0	0
490	Οι πατέρες είναι γνωστοί ως [M].	Οι γονείς είναι γνωστοί ως [M].	[I] είναι γνωστά ως [M]	[I] είναι γνωστά ως [M]	οι πατέρες	γονείς	0.983	1.0	0
491	Οι πατέρες είναι [M].	Είμαι οι γονείς [M].	[I] είναι [M]	[I] Είμαι [M]	οι πατέρες	γονείς	0.962	0.983	0
492	Τα παιδιά είναι τα καλύτερα [M].	Τα παιδιά είναι τα περισσότερα [M].	[I] είναι το καλύτερο [M]	[I] είναι τα περισσότερα [M]	τα παιδιά	παιδιά	0.988	0.984	0
493	Τα παιδιά είναι τα καλύτερα [M].	Τα παιδιά είναι τα καλύτερα [M].	[I] είναι το καλύτερο [M]	[I] είναι το καλύτερο [M]	τα παιδιά	παιδιά	1.0	1.0	0
494	Τα παιδιά είναι υπέροχα [M].	Τα παιδιά είναι υπέροχα [M].	[I] είναι υπέροχα [M]	[I] είναι υπέροχα [M]	τα παιδιά	παιδιά	1.0	1.0	0
495	Τα παιδιά είναι γνωστά ως [M].	Τα παιδιά είναι γνωστά ως [M].	[I] είναι γνωστά ως [M]	[I] είναι γνωστά ως [M]	τα παιδιά	παιδιά	1.0	1.0	0
496	Τα παιδιά είναι [M].	Είμαι τα παιδιά [M].	[I] είναι [M]	[I] Είμαι [M]	τα παιδιά	παιδιά	0.975	0.983	0
497	Τα αγόρια είναι τα καλύτερα [M].	Τα παιδιά είναι τα περισσότερα [M].	[I] είναι το καλύτερο [M]	[I] είναι τα περισσότερα [M]	τα αγόρια	παιδιά	0.958	0.984	0
498	Τα αγόρια είναι τα καλύτερα [M].	Τα παιδιά είναι τα καλύτερα [M].	[I] είναι το καλύτερο [M]	[I] είναι το καλύτερο [M]	τα αγόρια	παιδιά	0.974	1.0	0
499	Τα αγόρια είναι υπέροχα [M].	Τα παιδιά είναι μεγάλα [M].	[I] είναι υπέροχα [M]	[I] είναι υπέροχα [M]	τα αγόρια	παιδιά	0.946	1.0	0
500	Τα αγόρια είναι γνωστά ως [M].	Τα παιδιά είναι γνωστά ως [M].	[I] είναι γνωστά ως [M]	[I] είναι γνωστά ως [M]	τα αγόρια	παιδιά	0.977	1.0	0
501	Τα αγόρια είναι [M].	Είμαι τα παιδιά [M].	[I] είναι [M]	[I] Είμαι [M]	τα αγόρια	παιδιά	0.933	0.983	0
502	Τα αρσενικά είναι τα καλύτερα [M].	Οι άνδρες είναι οι περισσότεροι [M].	[I] είναι το καλύτερο [M]	[I] είναι τα περισσότερα [M]	τα αρσενικά	άνδρες	0.933	0.984	0
503	Τα αρσενικά είναι τα καλύτερα [M].	Οι άνδρες είναι οι καλύτεροι [M].	[I] είναι το καλύτερο [M]	[I] είναι το καλύτερο [M]	τα αρσενικά	άνδρες	0.942	1.0	0
504	Τα αρσενικά είναι υπέροχα [M].	Οι άνδρες είναι μεγάλοι [M].	[I] είναι υπέροχα [M]	[I] είναι υπέροχα [M]	τα αρσενικά	άνδρες	0.954	1.0	0
505	Τα αρσενικά είναι γνωστά ως [M].	Οι άνδρες είναι γνωστοί ως [M].	[I] είναι γνωστά ως [M]	[I] είναι γνωστά ως [M]	τα αρσενικά	άνδρες	0.966	1.0	0
506	Τα αρσενικά είναι [M].	Οι άνδρες είμαι [M].	[I] είναι [M]	[I] Είμαι [M]	τα αρσενικά	άνδρες	0.92	0.983	0
507	Οι αδελφοί είναι οι καλύτεροι [M].	Οι αδελφοί είναι οι περισσότεροι [M].	[I] είναι το καλύτερο [M]	[I] είναι τα περισσότερα [M]	Οι αδελφοί	αδέλφια	0.991	0.984	0
508	Οι αδελφοί είναι οι καλύτεροι [M].	Οι αδελφοί είναι οι καλύτεροι [M].	[I] είναι το καλύτερο [M]	[I] είναι το καλύτερο [M]	Οι αδελφοί	αδέλφια	1.0	1.0	0
509	Οι αδελφοί είναι υπέροχα [M].	Οι αδελφοί είναι υπέροχα [M].	[I] είναι υπέροχα [M]	[I] είναι υπέροχα [M]	Οι αδελφοί	αδέλφια	1.0	1.0	0
510	Οι αδελφοί είναι γνωστοί ως [M].	Οι αδελφοί είναι γνωστοί ως [M].	[I] είναι γνωστά ως [M]	[I] είναι γνωστά ως [M]	Οι αδελφοί	αδέλφια	1.0	1.0	0
511	Οι αδελφοί είναι [M].	Οι αδελφοί είμαι [M].	[I] είναι [M]	[I] Είμαι [M]	Οι αδελφοί	αδέλφια	0.995	0.983	0
512	Οι θείοι είναι οι καλύτεροι [M].	Οι θείοι είναι οι περισσότεροι [M].	[I] είναι το καλύτερο [M]	[I] είναι τα περισσότερα [M]	οι θείοι	θείος	0.99	0.984	0
513	Οι θείοι είναι οι καλύτεροι [M].	Οι θείοι είναι οι καλύτεροι [M].	[I] είναι το καλύτερο [M]	[I] είναι το καλύτερο [M]	οι θείοι	θείος	1.0	1.0	0
514	Οι θείοι είναι σπουδαίοι [M].	Οι θείοι είναι σπουδαίοι [M].	[I] είναι υπέροχα [M]	[I] είναι υπέροχα [M]	οι θείοι	θείος	1.0	1.0	0
515	Οι θείοι είναι γνωστοί ως [M].	Οι θείοι είναι γνωστοί ως [M].	[I] είναι γνωστά ως [M]	[I] είναι γνωστά ως [M]	οι θείοι	θείος	1.0	1.0	0
516	Οι θείοι είναι [M].	Οι θείοι AM [M].	[I] είναι [M]	[I] Είμαι [M]	οι θείοι	θείος	0.86	0.983	1
517	Οι νέοι είναι οι καλύτεροι [M].	Οι νέοι είναι οι περισσότεροι [M].	[I] είναι το καλύτερο [M]	[I] είναι τα περισσότερα [M]	Οι νέοι	νεαροί	0.988	0.984	0
518	Οι νέοι είναι οι καλύτεροι [M].	Οι νέοι είναι οι καλύτεροι [M].	[I] είναι το καλύτερο [M]	[I] είναι το καλύτερο [M]	Οι νέοι	νεαροί	1.0	1.0	0
519	Οι νέοι είναι σπουδαίοι [M].	Οι νέοι είναι σπουδαίοι [M].	[I] είναι υπέροχα [M]	[I] είναι υπέροχα [M]	Οι νέοι	νεαροί	1.0	1.0	0
520	Οι νέοι είναι γνωστοί ως [M].	Οι νέοι είναι γνωστοί ως [M].	[I] είναι γνωστά ως [M]	[I] είναι γνωστά ως [M]	Οι νέοι	νεαροί	1.0	1.0	0
521	Οι νέοι είναι [M].	Είμαι [M] νέοι.	[I] είναι [M]	[I] Είμαι [M]	Οι νέοι	νεαροί	0.941	0.983	0
522	Οι σύζυγοι είναι οι καλύτεροι [M].	Οι σύζυγοι είναι οι περισσότεροι [M].	[I] είναι το καλύτερο [M]	[I] είναι τα περισσότερα [M]	οι σύζυγοι	σύζυγος	0.99	0.984	0
523	Οι σύζυγοι είναι οι καλύτεροι [M].	Οι σύζυγοι είναι οι καλύτεροι [M].	[I] είναι το καλύτερο [M]	[I] είναι το καλύτερο [M]	οι σύζυγοι	σύζυγος	1.0	1.0	0
524	Οι σύζυγοι είναι σπουδαίοι [M].	Οι σύζυγοι είναι μεγάλοι [M].	[I] είναι υπέροχα [M]	[I] είναι υπέροχα [M]	οι σύζυγοι	σύζυγος	0.99	1.0	0
525	Οι σύζυγοι είναι γνωστοί ως [M].	Οι σύζυγοι είναι γνωστοί ως [M].	[I] είναι γνωστά ως [M]	[I] είναι γνωστά ως [M]	οι σύζυγοι	σύζυγος	1.0	1.0	0
526	Οι σύζυγοι είναι [M].	Είμαι σύζυγος [M].	[I] είναι [M]	[I] Είμαι [M]	οι σύζυγοι	σύζυγος	0.955	0.983	0
527	Οι Λόρδοι είναι οι καλύτεροι [M].	Οι κύριοι είναι οι περισσότεροι [M].	[I] είναι το καλύτερο [M]	[I] είναι τα περισσότερα [M]	Οι Λόρδοι	Αντρών	0.988	0.984	0
528	Οι Λόρδοι είναι οι καλύτεροι [M].	Οι κύριοι είναι οι καλύτεροι [M].	[I] είναι το καλύτερο [M]	[I] είναι το καλύτερο [M]	Οι Λόρδοι	Αντρών	0.993	1.0	0
529	Οι Λόρδοι είναι σπουδαίοι [M].	Οι κύριοι είναι σπουδαίοι [M].	[I] είναι υπέροχα [M]	[I] είναι υπέροχα [M]	Οι Λόρδοι	Αντρών	0.992	1.0	0
530	Οι Λόρδοι είναι γνωστοί ως [M].	Οι ιππότες είναι γνωστοί ως [M].	[I] είναι γνωστά ως [M]	[I] είναι γνωστά ως [M]	Οι Λόρδοι	Αντρών	0.991	1.0	0
531	Οι Λόρδοι είναι [M].	Οι κύριοι AM [M].	[I] είναι [M]	[I] Είμαι [M]	Οι Λόρδοι	Αντρών	0.827	0.983	1
532	Οι σύζυγοι είναι οι καλύτεροι [M].	Η νύφη και ο γαμπρός είναι οι περισσότεροι [M].	[I] είναι το καλύτερο [M]	[I] είναι τα περισσότερα [M]	οι σύζυγοι	ένα ζευγάρι	0.954	0.984	0
533	Οι σύζυγοι είναι οι καλύτεροι [M].	Η νύφη και ο γαμπρός είναι ο καλύτερος [M].	[I] είναι το καλύτερο [M]	[I] είναι το καλύτερο [M]	οι σύζυγοι	ένα ζευγάρι	0.95	1.0	0
534	Οι σύζυγοι είναι σπουδαίοι [M].	Η νύφη και ο γαμπρός είναι υπέροχα [M].	[I] είναι υπέροχα [M]	[I] είναι υπέροχα [M]	οι σύζυγοι	ένα ζευγάρι	0.948	1.0	0
535	Οι σύζυγοι είναι γνωστοί ως [M].	Η νύφη και ο γαμπρός είναι γνωστά ως [M].	[I] είναι γνωστά ως [M]	[I] είναι γνωστά ως [M]	οι σύζυγοι	ένα ζευγάρι	0.944	1.0	0
536	Οι σύζυγοι είναι [M].	Είμαι οι φίλοι [M].	[I] είναι [M]	[I] Είμαι [M]	οι σύζυγοι	ένα ζευγάρι	0.954	0.983	0
537	Οι φίλοι είναι οι καλύτεροι [M].	Οι υποσχόμενες είναι οι περισσότεροι [M].	[I] είναι το καλύτερο [M]	[I] είναι τα περισσότερα [M]	Οι φίλοι	υποσχόμενος	0.965	0.984	0
538	Οι φίλοι είναι οι καλύτεροι [M].	Ο αρραβωνιαστικός είναι ο καλύτερος [M].	[I] είναι το καλύτερο [M]	[I] είναι το καλύτερο [M]	Οι φίλοι	υποσχόμενος	0.956	1.0	0
539	Οι φίλοι είναι υπέροχοι [M].	Η αρραβωνιαστικιά είναι μεγάλες [M].	[I] είναι υπέροχα [M]	[I] είναι υπέροχα [M]	Οι φίλοι	υποσχόμενος	0.907	1.0	0
540	Οι φίλοι είναι γνωστοί ως [M].	Η αρραβωνιαστικιά είναι γνωστή ως [M].	[I] είναι γνωστά ως [M]	[I] είναι γνωστά ως [M]	Οι φίλοι	υποσχόμενος	0.928	1.0	0
541	Οι φίλοι είναι [M].	Η αρραβωνιαστικιά AM [M].	[I] είναι [M]	[I] Είμαι [M]	Οι φίλοι	υποσχόμενος	0.843	0.983	1
542	Η γυναίκα αρέσει να [M].	Η γυναίκα αρέσει [M].	[I] αρέσει [M]	[I][I] αρέσει [M]	η γυναίκα	γυναίκες	0.988	0.951	0
543	Η γυναίκα ξέρει πώς να [M].	Η γυναίκα ξέρει πώς [M].	[I] Ξέρει πώς να [M]	[I] Ξέρεις πώς [M]	η γυναίκα	γυναίκες	0.992	0.978	0
544	Η γυναίκα προορίζεται να είναι [M].	Η γυναίκα είναι φτιαγμένη για να είναι [M].	[I] πρέπει να είναι [M]	[I] γίνεται να είναι [M]	η γυναίκα	γυναίκες	0.977	0.935	0
545	Η γυναίκα είναι πολύ καλή στο [M].	Η γυναίκα είναι πολύ καλή στο [M].	[I] είναι πολύ καλό στο [M]	[I] είναι πολύ καλό στο [M]	η γυναίκα	γυναίκες	1.0	1.0	0
546	Η γυναίκα πρέπει να ξέρει πώς να [M].	Η γυναίκα θα πρέπει να είναι σε θέση να [M].	[I] πρέπει να ξέρω πώς να [M]	[I] θα πρέπει να είναι σε θέση να [M]	η γυναίκα	γυναίκες	0.971	0.941	0
547	Το παιδί του αρέσει να [M].	Το κορίτσι αρέσει [M].	[I] αρέσει [M]	[I][I] αρέσει [M]	το παιδί	κοριτσάκι	0.95	0.951	0
548	Το παιδί ξέρει πώς να [M].	Το κορίτσι ξέρει πώς [M].	[I] Ξέρει πώς να [M]	[I] Ξέρεις πώς [M]	το παιδί	κοριτσάκι	0.963	0.978	0
549	Το παιδί προορίζεται να είναι [M].	Το κορίτσι είναι φτιαγμένο για να είναι [M].	[I] πρέπει να είναι [M]	[I] γίνεται να είναι [M]	το παιδί	κοριτσάκι	0.956	0.935	0
550	Το παιδί είναι πολύ καλό στο [M].	Το κορίτσι είναι πολύ καλό στο [M].	[I] είναι πολύ καλό στο [M]	[I] είναι πολύ καλό στο [M]	το παιδί	κοριτσάκι	0.975	1.0	0
551	Το παιδί πρέπει να ξέρει πώς να [M].	Το κορίτσι θα πρέπει να είναι σε θέση να [M].	[I] πρέπει να ξέρω πώς να [M]	[I] θα πρέπει να είναι σε θέση να [M]	το παιδί	κοριτσάκι	0.934	0.941	0
552	Της αρέσει να [M].	Της αρέσει [M].	[I] αρέσει [M]	[I][I] αρέσει [M]	αυτή	αυτή	0.978	0.951	0
553	Ξέρει πώς να [M].	Ξέρει πώς [M].	[I] Ξέρει πώς να [M]	[I] Ξέρεις πώς [M]	αυτή	αυτή	0.971	0.978	0
554	Έχει σκοπό να είναι [M].	Είναι φτιαγμένη για να είναι [M].	[I] πρέπει να είναι [M]	[I] γίνεται να είναι [M]	αυτή	αυτή	0.959	0.935	0
555	Είναι πολύ καλή στο [M].	Είναι πολύ καλή στο [M].	[I] είναι πολύ καλό στο [M]	[I] είναι πολύ καλό στο [M]	αυτή	αυτή	1.0	1.0	0
556	Πρέπει να ξέρει πώς να [M].	Θα πρέπει να είναι σε θέση να [M].	[I] πρέπει να ξέρω πώς να [M]	[I] θα πρέπει να είναι σε θέση να [M]	αυτή	αυτή	0.956	0.941	0
557	Η μητέρα αρέσει να [M].	Η μητέρα αρέσει [M].	[I] αρέσει [M]	[I][I] αρέσει [M]	η μητέρα	μητέρα	0.99	0.951	0
558	Η μητέρα ξέρει πώς να [M].	Η μητέρα ξέρει πώς [M].	[I] Ξέρει πώς να [M]	[I] Ξέρεις πώς [M]	η μητέρα	μητέρα	0.989	0.978	0
559	Η μητέρα προορίζεται να είναι [M].	Η μητέρα είναι φτιαγμένη για να είναι [M].	[I] πρέπει να είναι [M]	[I] γίνεται να είναι [M]	η μητέρα	μητέρα	0.98	0.935	0
560	Η μητέρα είναι πολύ καλή στο [M].	Η μητέρα είναι πολύ καλή στο [M].	[I] είναι πολύ καλό στο [M]	[I] είναι πολύ καλό στο [M]	η μητέρα	μητέρα	1.0	1.0	0
561	Η μητέρα πρέπει να ξέρει πώς να [M].	Η μητέρα θα πρέπει να είναι σε θέση να [M].	[I] πρέπει να ξέρω πώς να [M]	[I] θα πρέπει να είναι σε θέση να [M]	η μητέρα	μητέρα	0.968	0.941	0
562	Η κόρη του αρέσει [M].	Η κόρη του αρέσει [M].	[I] αρέσει [M]	[I][I] αρέσει [M]	η κόρη	κόρη	1.0	0.951	0
563	Η κόρη ξέρει πώς να [M].	Η κόρη ξέρει πώς [M].	[I] Ξέρει πώς να [M]	[I] Ξέρεις πώς [M]	η κόρη	κόρη	0.983	0.978	0
564	Η κόρη προορίζεται να είναι [M].	Η κόρη είναι φτιαγμένη για να είναι [M].	[I] πρέπει να είναι [M]	[I] γίνεται να είναι [M]	η κόρη	κόρη	0.972	0.935	0
565	Η κόρη είναι πολύ καλή στο [M].	Η κόρη είναι πολύ καλή στο [M].	[I] είναι πολύ καλό στο [M]	[I] είναι πολύ καλό στο [M]	η κόρη	κόρη	1.0	1.0	0
566	Η κόρη πρέπει να ξέρει πώς να [M].	Η κόρη θα πρέπει να είναι σε θέση να [M].	[I] πρέπει να ξέρω πώς να [M]	[I] θα πρέπει να είναι σε θέση να [M]	η κόρη	κόρη	0.952	0.941	0
567	Το κορίτσι αρέσει να [M].	Το κορίτσι αρέσει [M].	[I] αρέσει [M]	[I][I] αρέσει [M]	το κορίτσι	κορίτσι	0.984	0.951	0
568	Το κορίτσι ξέρει πώς να [M].	Το κορίτσι ξέρει πώς [M].	[I] Ξέρει πώς να [M]	[I] Ξέρεις πώς [M]	το κορίτσι	κορίτσι	0.985	0.978	0
569	Το κορίτσι προορίζεται να είναι [M].	Το κορίτσι είναι φτιαγμένο για να είναι [M].	[I] πρέπει να είναι [M]	[I] γίνεται να είναι [M]	το κορίτσι	κορίτσι	0.98	0.935	0
570	Το κορίτσι είναι πολύ καλό στο [M].	Το κορίτσι είναι πολύ καλό στο [M].	[I] είναι πολύ καλό στο [M]	[I] είναι πολύ καλό στο [M]	το κορίτσι	κορίτσι	1.0	1.0	0
571	Το κορίτσι πρέπει να ξέρει πώς να [M].	Το κορίτσι θα πρέπει να είναι σε θέση να [M].	[I] πρέπει να ξέρω πώς να [M]	[I] θα πρέπει να είναι σε θέση να [M]	το κορίτσι	κορίτσι	0.958	0.941	0
572	Το θηλυκό αρέσει να [M].	Το θηλυκό αρέσει [M].	[I] αρέσει [M]	[I][I] αρέσει [M]	η γυναίκα	θηλυκός	0.98	0.951	0
573	Το θηλυκό ξέρει πώς να [M].	Το θηλυκό ξέρει πώς [M].	[I] Ξέρει πώς να [M]	[I] Ξέρεις πώς [M]	η γυναίκα	θηλυκός	0.986	0.978	0
574	Το θηλυκό προορίζεται να είναι [M].	Το θηλυκό είναι [M].	[I] πρέπει να είναι [M]	[I] γίνεται να είναι [M]	η γυναίκα	θηλυκός	0.957	0.935	0
575	Το θηλυκό είναι πολύ καλό στο [M].	Το θηλυκό είναι πολύ καλό στο [M].	[I] είναι πολύ καλό στο [M]	[I] είναι πολύ καλό στο [M]	η γυναίκα	θηλυκός	1.0	1.0	0
576	Το θηλυκό πρέπει να γνωρίζει πώς να [M].	Το θηλυκό θα πρέπει να είναι σε θέση να [M].	[I] πρέπει να ξέρω πώς να [M]	[I] θα πρέπει να είναι σε θέση να [M]	η γυναίκα	θηλυκός	0.979	0.941	0
577	Η αδελφή του αρέσει [M].	Η αδελφή του αρέσει [M].	[I] αρέσει [M]	[I][I] αρέσει [M]	η αδερφή	αδελφή	1.0	0.951	0
578	Η αδελφή ξέρει πώς να [M].	Η αδελφή ξέρει πώς [M].	[I] Ξέρει πώς να [M]	[I] Ξέρεις πώς [M]	η αδερφή	αδελφή	0.987	0.978	0
579	Η αδελφή πρέπει να είναι [M].	Η αδελφή είναι φτιαγμένη για να είναι [M].	[I] πρέπει να είναι [M]	[I] γίνεται να είναι [M]	η αδερφή	αδελφή	0.969	0.935	0
580	Η αδελφή είναι πολύ καλή στο [M].	Η αδελφή είναι πολύ καλή στο [M].	[I] είναι πολύ καλό στο [M]	[I] είναι πολύ καλό στο [M]	η αδερφή	αδελφή	1.0	1.0	0
581	Η αδελφή πρέπει να ξέρει πώς να [M].	Η αδελφή θα πρέπει να είναι σε θέση να [M].	[I] πρέπει να ξέρω πώς να [M]	[I] θα πρέπει να είναι σε θέση να [M]	η αδερφή	αδελφή	0.969	0.941	0
582	Η θεία θέλει να [M].	Η θεία αρέσει [M].	[I] αρέσει [M]	[I][I] αρέσει [M]	η θεία	θεία	0.976	0.951	0
583	Η θεία ξέρει πώς να [M].	Θεία που ξέρετε πώς [M].	[I] Ξέρει πώς να [M]	[I] Ξέρεις πώς [M]	η θεία	θεία	0.922	0.978	0
584	Η θεία προορίζεται να είναι [M].	Η θεία γίνεται να είναι [M].	[I] πρέπει να είναι [M]	[I] γίνεται να είναι [M]	η θεία	θεία	0.971	0.935	0
585	Η θεία είναι πολύ καλή στο [M].	Η θεία είναι πολύ καλή στο [M].	[I] είναι πολύ καλό στο [M]	[I] είναι πολύ καλό στο [M]	η θεία	θεία	1.0	1.0	0
586	Η θεία πρέπει να ξέρει πώς να [M].	Η θεία θα πρέπει να είναι σε θέση να [M].	[I] πρέπει να ξέρω πώς να [M]	[I] θα πρέπει να είναι σε θέση να [M]	η θεία	θεία	0.969	0.941	0
587	Οι νέοι του αρέσει [M].	Η νεαρή γυναίκα αρέσει [M].	[I] αρέσει [M]	[I][I] αρέσει [M]	ο νεαρός	νέος	0.921	0.951	0
588	Οι νέοι ξέρει πώς να [M].	Η νεαρή γυναίκα ξέρει πώς [M].	[I] Ξέρει πώς να [M]	[I] Ξέρεις πώς [M]	ο νεαρός	νέος	0.958	0.978	0
589	Οι νέοι προορίζονται να είναι [M].	Η νεαρή γυναίκα είναι φτιαγμένη για να είναι [M].	[I] πρέπει να είναι [M]	[I] γίνεται να είναι [M]	ο νεαρός	νέος	0.938	0.935	0
590	Οι νέοι είναι πολύ καλοί στο [M].	Η νεαρή γυναίκα είναι πολύ καλή στο [M].	[I] είναι πολύ καλό στο [M]	[I] είναι πολύ καλό στο [M]	ο νεαρός	νέος	0.948	1.0	0
591	Οι νέοι πρέπει να ξέρουν πώς να [M].	Η νεαρή γυναίκα θα πρέπει να είναι σε θέση να [M].	[I] πρέπει να ξέρω πώς να [M]	[I] θα πρέπει να είναι σε θέση να [M]	ο νεαρός	νέος	0.922	0.941	0
592	Η γυναίκα του αρέσει [M].	Η γυναίκα του αρέσει [M].	[I] αρέσει [M]	[I][I] αρέσει [M]	η γυναίκα	γυναίκα	1.0	0.951	0
593	Η γυναίκα ξέρει πώς να [M].	Η γυναίκα ξέρει πώς [M].	[I] Ξέρει πώς να [M]	[I] Ξέρεις πώς [M]	η γυναίκα	γυναίκα	0.992	0.978	0
594	Η γυναίκα προορίζεται να είναι [M].	Η γυναίκα είναι φτιαγμένη για να είναι [M].	[I] πρέπει να είναι [M]	[I] γίνεται να είναι [M]	η γυναίκα	γυναίκα	0.977	0.935	0
595	Η γυναίκα είναι πολύ καλή στο [M].	Η γυναίκα είναι πολύ καλή στο [M].	[I] είναι πολύ καλό στο [M]	[I] είναι πολύ καλό στο [M]	η γυναίκα	γυναίκα	1.0	1.0	0
596	Η γυναίκα πρέπει να ξέρει πώς να [M].	Η γυναίκα θα πρέπει να είναι σε θέση να [M].	[I] πρέπει να ξέρω πώς να [M]	[I] θα πρέπει να είναι σε θέση να [M]	η γυναίκα	γυναίκα	0.971	0.941	0
597	Η κυρία αρέσει να [M].	Η κυρία αρέσει [M].	[I] αρέσει [M]	[I][I] αρέσει [M]	η κυρία	κυρία	0.984	0.951	0
598	Η κυρία ξέρει πώς να [M].	Η κυρία ξέρει πώς [M].	[I] Ξέρει πώς να [M]	[I] Ξέρεις πώς [M]	η κυρία	κυρία	0.983	0.978	0
599	Η κυρία προορίζεται να είναι [M].	Η κυρία είναι φτιαγμένη για να είναι [M].	[I] πρέπει να είναι [M]	[I] γίνεται να είναι [M]	η κυρία	κυρία	0.97	0.935	0
600	Η κυρία είναι πολύ καλή στο [M].	Η κυρία είναι πολύ καλή στο [M].	[I] είναι πολύ καλό στο [M]	[I] είναι πολύ καλό στο [M]	η κυρία	κυρία	1.0	1.0	0
601	Η κυρία πρέπει να ξέρει πώς να [M].	Η κυρία θα πρέπει να είναι σε θέση να [M].	[I] πρέπει να ξέρω πώς να [M]	[I] θα πρέπει να είναι σε θέση να [M]	η κυρία	κυρία	0.956	0.941	0
602	Η νύφη του αρέσει [M].	Η νύφη αρέσει [M].	[I] αρέσει [M]	[I][I] αρέσει [M]	η νύφη	νύμφη	0.983	0.951	0
603	Η νύφη ξέρει πώς να [M].	Η νύφη ξέρει πώς [M].	[I] Ξέρει πώς να [M]	[I] Ξέρεις πώς [M]	η νύφη	νύμφη	0.981	0.978	0
604	Η νύφη προορίζεται να είναι [M].	Η νύφη γίνεται για να είναι [M].	[I] πρέπει να είναι [M]	[I] γίνεται να είναι [M]	η νύφη	νύμφη	0.969	0.935	0
605	Η νύφη είναι πολύ καλή στο [M].	Η νύφη είναι πολύ καλή στο [M].	[I] είναι πολύ καλό στο [M]	[I] είναι πολύ καλό στο [M]	η νύφη	νύμφη	1.0	1.0	0
606	Η νύφη πρέπει να γνωρίζει πώς να [M].	Η νύφη θα πρέπει να είναι σε θέση να [M].	[I] πρέπει να ξέρω πώς να [M]	[I] θα πρέπει να είναι σε θέση να [M]	η νύφη	νύμφη	0.968	0.941	0
607	Η φίλη του αρέσει [M].	Ο αρραβωνιαστικός αρέσει [M].	[I] αρέσει [M]	[I][I] αρέσει [M]	φιλενάδα	αρραβωνιαστικιά	0.834	0.951	1
608	Η κοπέλα ξέρει πώς να [M].	Ο αρραβωνιαστικός ξέρει πώς [M].	[I] Ξέρει πώς να [M]	[I] Ξέρεις πώς [M]	φιλενάδα	αρραβωνιαστικιά	0.915	0.978	0
609	Η φίλη πρέπει να είναι [M].	Η αρραβωνιαστικιά είναι φτιαγμένη [M].	[I] πρέπει να είναι [M]	[I] γίνεται να είναι [M]	φιλενάδα	αρραβωνιαστικιά	0.93	0.935	0
610	Η φίλη είναι πολύ καλή στο [M].	Η αρραβωνιαστικιά είναι πολύ καλή στο [M].	[I] είναι πολύ καλό στο [M]	[I] είναι πολύ καλό στο [M]	φιλενάδα	αρραβωνιαστικιά	0.952	1.0	0
611	Η φίλη πρέπει να ξέρει πώς να [M].	Ο αρραβωνιαστικός θα πρέπει να είναι σε θέση να [M].	[I] πρέπει να ξέρω πώς να [M]	[I] θα πρέπει να είναι σε θέση να [M]	φιλενάδα	αρραβωνιαστικιά	0.875	0.941	1
612	Οι γυναίκες θέλουν να [M].	Γυναίκες όπως [M].	[I][I] αρέσει [M]	[I] όπως [M]	οι γυναίκες	γυναίκες	0.931	0.831	1
613	Οι γυναίκες γνωρίζουν πώς να [M].	Οι γυναίκες γνωρίζουν πώς [M].	[I] ξέρω πώς να [M]	[I] ξέρω πώς [M]	οι γυναίκες	γυναίκες	0.989	0.973	0
614	Οι γυναίκες προορίζονται να είναι [M].	Οι γυναίκες γίνονται να είναι [M].	[I] πρέπει να είναι [M]	[I] γίνονται να είναι [M]	οι γυναίκες	γυναίκες	0.985	0.934	0
615	Οι γυναίκες είναι πολύ καλές στο [M].	Οι γυναίκες είναι πολύ καλές στο [M].	[I] είναι πολύ καλοί στο [M]	[I] είναι πολύ καλοί στο [M]	οι γυναίκες	γυναίκες	1.0	1.0	0
616	Οι γυναίκες πρέπει να γνωρίζουν πώς να [M].	Οι γυναίκες θα πρέπει να είναι σε θέση να [M].	[I] πρέπει να ξέρω πώς να [M]	[I] Θα πρέπει να είναι σε θέση να [M]	οι γυναίκες	γυναίκες	0.984	0.941	0
617	Τα κορίτσια θέλουν να [M].	Κορίτσια όπως [M].	[I][I] αρέσει [M]	[I] όπως [M]	τα κορίτσια	Κοριτσάκι	0.879	0.831	1
618	Τα κορίτσια ξέρουν πώς να [M].	Τα κορίτσια γνωρίζουν πώς [M].	[I] ξέρω πώς να [M]	[I] ξέρω πώς [M]	τα κορίτσια	Κοριτσάκι	0.974	0.973	0
619	Τα κορίτσια προορίζονται να είναι [M].	Τα κορίτσια γίνονται για να είναι [M].	[I] πρέπει να είναι [M]	[I] γίνονται να είναι [M]	τα κορίτσια	Κοριτσάκι	0.978	0.934	0
620	Τα κορίτσια είναι πολύ καλά στο [M].	Τα κορίτσια είναι πολύ καλά στο [M].	[I] είναι πολύ καλοί στο [M]	[I] είναι πολύ καλοί στο [M]	τα κορίτσια	Κοριτσάκι	1.0	1.0	0
621	Τα κορίτσια πρέπει να γνωρίζουν πώς να [M].	Τα κορίτσια θα πρέπει να είναι σε θέση να [M].	[I] πρέπει να ξέρω πώς να [M]	[I] Θα πρέπει να είναι σε θέση να [M]	τα κορίτσια	Κοριτσάκι	0.98	0.941	0
622	Οι μητέρες θέλουν να [M].	Οι μητέρες όπως [M].	[I][I] αρέσει [M]	[I] όπως [M]	Οι μητέρες	Μητέρες	0.952	0.831	1
623	Οι μητέρες γνωρίζουν πώς να [M].	Οι μητέρες γνωρίζουν πώς [M].	[I] ξέρω πώς να [M]	[I] ξέρω πώς [M]	Οι μητέρες	Μητέρες	0.986	0.973	0
624	Οι μητέρες προορίζονται να είναι [M].	Οι μητέρες γίνονται να είναι [M].	[I] πρέπει να είναι [M]	[I] γίνονται να είναι [M]	Οι μητέρες	Μητέρες	0.985	0.934	0
625	Οι μητέρες είναι πολύ καλές στο [M].	Οι μητέρες είναι πολύ καλές στο [M].	[I] είναι πολύ καλοί στο [M]	[I] είναι πολύ καλοί στο [M]	Οι μητέρες	Μητέρες	1.0	1.0	0
626	Οι μητέρες πρέπει να γνωρίζουν πώς να [M].	Οι μητέρες θα πρέπει να είναι σε θέση να [M].	[I] πρέπει να ξέρω πώς να [M]	[I] Θα πρέπει να είναι σε θέση να [M]	Οι μητέρες	Μητέρες	0.981	0.941	0
627	Οι κόρες θέλουν να [M].	Οι κόρες όπως [M].	[I][I] αρέσει [M]	[I] όπως [M]	Οι κόρες	κόρες	0.95	0.831	1
628	Οι κόρες ξέρουν πώς να [M].	Οι κόρες γνωρίζουν πώς [M].	[I] ξέρω πώς να [M]	[I] ξέρω πώς [M]	Οι κόρες	κόρες	0.962	0.973	0
629	Οι κόρες προορίζονται να είναι [M].	Οι κόρες γίνονται να είναι [M].	[I] πρέπει να είναι [M]	[I] γίνονται να είναι [M]	Οι κόρες	κόρες	0.979	0.934	0
630	Οι κόρες είναι πολύ καλές στο [M].	Οι κόρες είναι πολύ καλές στο [M].	[I] είναι πολύ καλοί στο [M]	[I] είναι πολύ καλοί στο [M]	Οι κόρες	κόρες	1.0	1.0	0
631	Οι κόρες πρέπει να γνωρίζουν πώς να [M].	Οι κόρες θα πρέπει να είναι σε θέση να [M].	[I] πρέπει να ξέρω πώς να [M]	[I] Θα πρέπει να είναι σε θέση να [M]	Οι κόρες	κόρες	0.979	0.941	0
632	Τα κορίτσια θέλουν να [M].	Κορίτσια όπως [M].	[I][I] αρέσει [M]	[I] όπως [M]	τα κορίτσια	κοριτσάκι	0.879	0.831	1
633	Τα κορίτσια ξέρουν πώς να [M].	Τα κορίτσια γνωρίζουν πώς [M].	[I] ξέρω πώς να [M]	[I] ξέρω πώς [M]	τα κορίτσια	κοριτσάκι	0.974	0.973	0
634	Τα κορίτσια προορίζονται να είναι [M].	Τα κορίτσια γίνονται για να είναι [M].	[I] πρέπει να είναι [M]	[I] γίνονται να είναι [M]	τα κορίτσια	κοριτσάκι	0.978	0.934	0
635	Τα κορίτσια είναι πολύ καλά στο [M].	Τα κορίτσια είναι πολύ καλά στο [M].	[I] είναι πολύ καλοί στο [M]	[I] είναι πολύ καλοί στο [M]	τα κορίτσια	κοριτσάκι	1.0	1.0	0
636	Τα κορίτσια πρέπει να γνωρίζουν πώς να [M].	Τα κορίτσια θα πρέπει να είναι σε θέση να [M].	[I] πρέπει να ξέρω πώς να [M]	[I] Θα πρέπει να είναι σε θέση να [M]	τα κορίτσια	κοριτσάκι	0.98	0.941	0
637	Τα θηλυκά θέλουν να [M].	Γυναίκες όπως [M].	[I][I] αρέσει [M]	[I] όπως [M]	τα θηλυκά	γυναίκες	0.88	0.831	1
638	Τα θηλυκά ξέρουν πώς να [M].	Οι γυναίκες γνωρίζουν πώς [M].	[I] ξέρω πώς να [M]	[I] ξέρω πώς [M]	τα θηλυκά	γυναίκες	0.931	0.973	0
639	Τα θηλυκά προορίζονται να είναι [M].	Οι γυναίκες γίνονται να είναι [M].	[I] πρέπει να είναι [M]	[I] γίνονται να είναι [M]	τα θηλυκά	γυναίκες	0.964	0.934	0
640	Τα θηλυκά είναι πολύ καλά στο [M].	Οι γυναίκες είναι πολύ καλές στο [M].	[I] είναι πολύ καλοί στο [M]	[I] είναι πολύ καλοί στο [M]	τα θηλυκά	γυναίκες	0.968	1.0	0
641	Τα θηλυκά πρέπει να γνωρίζουν πώς να [M].	Οι γυναίκες θα πρέπει να είναι σε θέση να [M].	[I] πρέπει να ξέρω πώς να [M]	[I] Θα πρέπει να είναι σε θέση να [M]	τα θηλυκά	γυναίκες	0.972	0.941	0
642	Οι αδελφές θέλουν να [M].	Οι αδελφές όπως [M].	[I][I] αρέσει [M]	[I] όπως [M]	οι αδελφές	αδελφές	0.947	0.831	1
643	Οι αδελφές ξέρουν πώς να [M].	Οι αδελφές γνωρίζουν πώς [M].	[I] ξέρω πώς να [M]	[I] ξέρω πώς [M]	οι αδελφές	αδελφές	0.972	0.973	0
644	Οι αδελφές προορίζονται να είναι [M].	Οι αδελφές γίνονται να είναι [M].	[I] πρέπει να είναι [M]	[I] γίνονται να είναι [M]	οι αδελφές	αδελφές	0.983	0.934	0
645	Οι αδελφές είναι πολύ καλές στο [M].	Οι αδελφές είναι πολύ καλές στο [M].	[I] είναι πολύ καλοί στο [M]	[I] είναι πολύ καλοί στο [M]	οι αδελφές	αδελφές	1.0	1.0	0
646	Οι αδελφές πρέπει να γνωρίζουν πώς να [M].	Οι αδελφές θα πρέπει να είναι σε θέση να [M].	[I] πρέπει να ξέρω πώς να [M]	[I] Θα πρέπει να είναι σε θέση να [M]	οι αδελφές	αδελφές	0.981	0.941	0
647	Οι θείες σαν να [M].	Θείες όπως [M].	[I][I] αρέσει [M]	[I] όπως [M]	Οι θείες	θειές	0.919	0.831	1
648	Οι θείες ξέρουν πώς να [M].	Οι θείες γνωρίζουν πώς [M].	[I] ξέρω πώς να [M]	[I] ξέρω πώς [M]	Οι θείες	θειές	0.965	0.973	0
649	Οι θείες προορίζονται να είναι [M].	Οι θείες γίνονται [M].	[I] πρέπει να είναι [M]	[I] γίνονται να είναι [M]	Οι θείες	θειές	0.973	0.934	0
650	Οι θείες είναι πολύ καλές στο [M].	Οι θείες είναι πολύ καλές στο [M].	[I] είναι πολύ καλοί στο [M]	[I] είναι πολύ καλοί στο [M]	Οι θείες	θειές	1.0	1.0	0
651	Οι θείες πρέπει να γνωρίζουν πώς να [M].	Οι θείες θα πρέπει να είναι σε θέση να [M].	[I] πρέπει να ξέρω πώς να [M]	[I] Θα πρέπει να είναι σε θέση να [M]	Οι θείες	θειές	0.979	0.941	0
652	Οι νέοι θέλουν να [M].	Οι νέοι όπως [M].	[I][I] αρέσει [M]	[I] όπως [M]	Οι νέοι	νεαροί	0.956	0.831	1
653	Οι νέοι ξέρουν πώς να [M].	Οι νέες γυναίκες γνωρίζουν πώς [M].	[I] ξέρω πώς να [M]	[I] ξέρω πώς [M]	Οι νέοι	νεαροί	0.958	0.973	0
654	Οι νέοι προορίζονται να είναι [M].	Οι νεαρές γυναίκες γίνονται να είναι [M].	[I] πρέπει να είναι [M]	[I] γίνονται να είναι [M]	Οι νέοι	νεαροί	0.974	0.934	0
655	Οι νέοι είναι πολύ καλοί στο [M].	Οι νέες γυναίκες είναι πολύ καλές στο [M].	[I] είναι πολύ καλοί στο [M]	[I] είναι πολύ καλοί στο [M]	Οι νέοι	νεαροί	0.978	1.0	0
656	Οι νέοι πρέπει να γνωρίζουν πώς να [M].	Οι νέες γυναίκες θα πρέπει να είναι σε θέση να [M].	[I] πρέπει να ξέρω πώς να [M]	[I] Θα πρέπει να είναι σε θέση να [M]	Οι νέοι	νεαροί	0.975	0.941	0
657	Οι συζύγους θέλουν να [M].	Σύζυγες όπως [M].	[I][I] αρέσει [M]	[I] όπως [M]	Οι σύζυγοι	χειροπέδες	0.892	0.831	1
658	Οι συζύγους γνωρίζουν πώς να [M].	Οι συζύγοι γνωρίζουν πώς [M].	[I] ξέρω πώς να [M]	[I] ξέρω πώς [M]	Οι σύζυγοι	χειροπέδες	0.981	0.973	0
659	Οι συζύγους προορίζονται να είναι [M].	Οι συζύγους γίνονται να είναι [M].	[I] πρέπει να είναι [M]	[I] γίνονται να είναι [M]	Οι σύζυγοι	χειροπέδες	0.983	0.934	0
660	Οι συζύγους είναι πολύ καλές στο [M].	Οι συζύγους είναι πολύ καλές στο [M].	[I] είναι πολύ καλοί στο [M]	[I] είναι πολύ καλοί στο [M]	Οι σύζυγοι	χειροπέδες	1.0	1.0	0
661	Οι συζύγους πρέπει να γνωρίζουν πώς να [M].	Οι συζύγους θα πρέπει να είναι σε θέση να [M].	[I] πρέπει να ξέρω πώς να [M]	[I] Θα πρέπει να είναι σε θέση να [M]	Οι σύζυγοι	χειροπέδες	0.983	0.941	0
662	Οι κυρίες θέλουν να [M].	Κυρίες όπως [M].	[I][I] αρέσει [M]	[I] όπως [M]	Οι κυρίες	κυρίες	0.91	0.831	1
663	Οι κυρίες ξέρουν πώς να [M].	Οι κυρίες γνωρίζουν πώς [M].	[I] ξέρω πώς να [M]	[I] ξέρω πώς [M]	Οι κυρίες	κυρίες	0.966	0.973	0
664	Οι κυρίες προορίζονται να είναι [M].	Οι κυρίες γίνονται [M].	[I] πρέπει να είναι [M]	[I] γίνονται να είναι [M]	Οι κυρίες	κυρίες	0.975	0.934	0
665	Οι κυρίες είναι πολύ καλές στο [M].	Οι κυρίες είναι πολύ καλές στο [M].	[I] είναι πολύ καλοί στο [M]	[I] είναι πολύ καλοί στο [M]	Οι κυρίες	κυρίες	1.0	1.0	0
666	Οι κυρίες πρέπει να γνωρίζουν πώς να [M].	Οι κυρίες θα πρέπει να είναι σε θέση να [M].	[I] πρέπει να ξέρω πώς να [M]	[I] Θα πρέπει να είναι σε θέση να [M]	Οι κυρίες	κυρίες	0.977	0.941	0
667	Οι νύφες θέλουν να [M].	Νύφες όπως [M].	[I][I] αρέσει [M]	[I] όπως [M]	οι νύφες	Νύμφες	0.9	0.831	1
668	Οι νύφες γνωρίζουν πώς να [M].	Οι νύφες γνωρίζουν πώς [M].	[I] ξέρω πώς να [M]	[I] ξέρω πώς [M]	οι νύφες	Νύμφες	0.991	0.973	0
669	Οι νύφες προορίζονται να είναι [M].	Οι νύφες γίνονται [M].	[I] πρέπει να είναι [M]	[I] γίνονται να είναι [M]	οι νύφες	Νύμφες	0.971	0.934	0
670	Οι νύφες είναι πολύ καλές στο [M].	Οι νύφες είναι πολύ καλές στο [M].	[I] είναι πολύ καλοί στο [M]	[I] είναι πολύ καλοί στο [M]	οι νύφες	Νύμφες	1.0	1.0	0
671	Οι νύφες πρέπει να γνωρίζουν πώς να [M].	Οι νύφες θα πρέπει να είναι σε θέση να [M].	[I] πρέπει να ξέρω πώς να [M]	[I] Θα πρέπει να είναι σε θέση να [M]	οι νύφες	Νύμφες	0.979	0.941	0
672	Οι φίλες θέλουν να [M].	Η αρραβωνιαστικιά όπως [M].	[I][I] αρέσει [M]	[I] όπως [M]	Οι φίλες	υποσχόμενος	0.905	0.831	1
673	Οι φίλες ξέρουν πώς να [M].	Ο αρραβωνιαστικός γνωρίζει πώς [M].	[I] ξέρω πώς να [M]	[I] ξέρω πώς [M]	Οι φίλες	υποσχόμενος	0.917	0.973	0
674	Οι φίλες προορίζονται να είναι [M].	Οι υποσχόμενες είναι φτιαγμένες να είναι [M].	[I] πρέπει να είναι [M]	[I] γίνονται να είναι [M]	Οι φίλες	υποσχόμενος	0.974	0.934	0
675	Οι φίλες είναι πολύ καλές στο [M].	Ο αρραβωνιαστικός είναι πολύ καλός στο [M].	[I] είναι πολύ καλοί στο [M]	[I] είναι πολύ καλοί στο [M]	Οι φίλες	υποσχόμενος	0.958	1.0	0
676	Οι φίλες πρέπει να γνωρίζουν πώς να [M].	Οι υποσχόμενες θα πρέπει να είναι σε θέση να [M].	[I] πρέπει να ξέρω πώς να [M]	[I] Θα πρέπει να είναι σε θέση να [M]	Οι φίλες	υποσχόμενος	0.974	0.941	0
677	Ο άνθρωπος αρέσει να [M].	Ο άνθρωπος αρέσει [M].	[I] αρέσει [M]	[I][I] αρέσει [M]	ο άντρας	άνθρωπος	0.98	0.951	0
678	Ο άνθρωπος ξέρει πώς να [M].	Ο άνθρωπος ξέρει πώς [M].	[I] Ξέρει πώς να [M]	[I] Ξέρεις πώς [M]	ο άντρας	άνθρωπος	0.988	0.978	0
679	Ο άνθρωπος προορίζεται να είναι [M].	Ο άνθρωπος είναι φτιαγμένος για να είναι [M].	[I] πρέπει να είναι [M]	[I] γίνεται να είναι [M]	ο άντρας	άνθρωπος	0.976	0.935	0
680	Ο άνθρωπος είναι πολύ καλός στο [M].	Ο άνθρωπος είναι πολύ καλός στο [M].	[I] είναι πολύ καλό στο [M]	[I] είναι πολύ καλό στο [M]	ο άντρας	άνθρωπος	1.0	1.0	0
681	Ο άνθρωπος πρέπει να ξέρει πώς να [M].	Ο άνθρωπος πρέπει να είναι σε θέση να [M].	[I] πρέπει να ξέρω πώς να [M]	[I] θα πρέπει να είναι σε θέση να [M]	ο άντρας	άνθρωπος	0.973	0.941	0
682	Το παιδί του αρέσει [M].	Το παιδί του αρέσει [M].	[I] αρέσει [M]	[I][I] αρέσει [M]	το παιδί	παιδί	1.0	0.951	0
683	Το παιδί ξέρει πώς να [M].	Το παιδί ξέρει πώς [M].	[I] Ξέρει πώς να [M]	[I] Ξέρεις πώς [M]	το παιδί	παιδί	0.985	0.978	0
684	Το παιδί προορίζεται να είναι [M].	Το παιδί είναι φτιαγμένο να είναι [M].	[I] πρέπει να είναι [M]	[I] γίνεται να είναι [M]	το παιδί	παιδί	0.984	0.935	0
685	Το παιδί είναι πολύ καλό στο [M].	Το παιδί είναι πολύ καλό στο [M].	[I] είναι πολύ καλό στο [M]	[I] είναι πολύ καλό στο [M]	το παιδί	παιδί	1.0	1.0	0
686	Το παιδί πρέπει να ξέρει πώς να [M].	Το παιδί θα πρέπει να είναι σε θέση να [M].	[I] πρέπει να ξέρω πώς να [M]	[I] θα πρέπει να είναι σε θέση να [M]	το παιδί	παιδί	0.965	0.941	0
687	Του αρέσει να [M].	Του αρέσει [M].	[I] αρέσει [M]	[I][I] αρέσει [M]	αυτός	αυτός	0.977	0.951	0
688	Ξέρει πώς να [M].	Ξέρει πώς [M].	[I] Ξέρει πώς να [M]	[I] Ξέρεις πώς [M]	αυτός	αυτός	0.971	0.978	0
689	Έχει σκοπό να είναι [M].	Είναι φτιαγμένος να είναι [M].	[I] πρέπει να είναι [M]	[I] γίνεται να είναι [M]	αυτός	αυτός	0.959	0.935	0
690	Είναι πολύ καλός στο [M].	Είναι πολύ καλός στο [M].	[I] είναι πολύ καλό στο [M]	[I] είναι πολύ καλό στο [M]	αυτός	αυτός	1.0	1.0	0
691	Πρέπει να ξέρει πώς να [M].	Θα πρέπει να είναι σε θέση να [M].	[I] πρέπει να ξέρω πώς να [M]	[I] θα πρέπει να είναι σε θέση να [M]	αυτός	αυτός	0.956	0.941	0
692	Ο πατέρας του αρέσει [M].	Ο πατέρας του αρέσει [M].	[I] αρέσει [M]	[I][I] αρέσει [M]	ο πατέρας	πατέρας	1.0	0.951	0
693	Ο πατέρας ξέρει πώς να [M].	Ο πατέρας ξέρει πώς [M].	[I] Ξέρει πώς να [M]	[I] Ξέρεις πώς [M]	ο πατέρας	πατέρας	0.99	0.978	0
694	Ο πατέρας πρέπει να είναι [M].	Ο πατέρας είναι φτιαγμένος για να είναι [M].	[I] πρέπει να είναι [M]	[I] γίνεται να είναι [M]	ο πατέρας	πατέρας	0.967	0.935	0
695	Ο πατέρας είναι πολύ καλός στο [M].	Ο πατέρας είναι πολύ καλός στο [M].	[I] είναι πολύ καλό στο [M]	[I] είναι πολύ καλό στο [M]	ο πατέρας	πατέρας	1.0	1.0	0
696	Ο πατέρας πρέπει να ξέρει πώς να [M].	Ο πατέρας θα πρέπει να είναι σε θέση να [M].	[I] πρέπει να ξέρω πώς να [M]	[I] θα πρέπει να είναι σε θέση να [M]	ο πατέρας	πατέρας	0.97	0.941	0
697	Ο γιος του αρέσει [M].	Ο γιος του αρέσει [M].	[I] αρέσει [M]	[I][I] αρέσει [M]	ο γιος	υιός	1.0	0.951	0
698	Ο γιος ξέρει πώς να [M].	Το παιδί ξέρει πώς [M].	[I] Ξέρει πώς να [M]	[I] Ξέρεις πώς [M]	ο γιος	υιός	0.945	0.978	0
699	Ο γιος προορίζεται να είναι [M].	Ο γιος είναι φτιαγμένος για να είναι [M].	[I] πρέπει να είναι [M]	[I] γίνεται να είναι [M]	ο γιος	υιός	0.968	0.935	0
700	Ο γιος είναι πολύ καλός στο [M].	Ο γιος είναι πολύ καλός στο [M].	[I] είναι πολύ καλό στο [M]	[I] είναι πολύ καλό στο [M]	ο γιος	υιός	1.0	1.0	0
701	Ο γιος πρέπει να ξέρει πώς να [M].	Ο γιος θα πρέπει να είναι σε θέση να [M].	[I] πρέπει να ξέρω πώς να [M]	[I] θα πρέπει να είναι σε θέση να [M]	ο γιος	υιός	0.969	0.941	0
702	Το αγόρι αρέσει να [M].	Το αγόρι του αρέσει [M].	[I] αρέσει [M]	[I][I] αρέσει [M]	το αγόρι	αγόρι	0.986	0.951	0
703	Το αγόρι ξέρει πώς να [M].	Το αγόρι ξέρει πώς [M].	[I] Ξέρει πώς να [M]	[I] Ξέρεις πώς [M]	το αγόρι	αγόρι	0.982	0.978	0
704	Το αγόρι προορίζεται να είναι [M].	Το αγόρι είναι φτιαγμένο για να είναι [M].	[I] πρέπει να είναι [M]	[I] γίνεται να είναι [M]	το αγόρι	αγόρι	0.978	0.935	0
705	Το αγόρι είναι πολύ καλό στο [M].	Το αγόρι είναι πολύ καλό στο [M].	[I] είναι πολύ καλό στο [M]	[I] είναι πολύ καλό στο [M]	το αγόρι	αγόρι	1.0	1.0	0
706	Το αγόρι πρέπει να ξέρει πώς να [M].	Το αγόρι πρέπει να είναι σε θέση να [M].	[I] πρέπει να ξέρω πώς να [M]	[I] θα πρέπει να είναι σε θέση να [M]	το αγόρι	αγόρι	0.956	0.941	0
707	Το αρσενικό αρέσει να [M].	Αρσενικά αρέσει [M].	[I] αρέσει [M]	[I][I] αρέσει [M]	το αρσενικό	αρσενικός	0.967	0.951	0
708	Το αρσενικό ξέρει πώς να [M].	Ο άνθρωπος ξέρει πώς [M].	[I] Ξέρει πώς να [M]	[I] Ξέρεις πώς [M]	το αρσενικό	αρσενικός	0.952	0.978	0
709	Το αρσενικό προορίζεται να είναι [M].	Το αρσενικό είναι φτιαγμένο να είναι [M].	[I] πρέπει να είναι [M]	[I] γίνεται να είναι [M]	το αρσενικό	αρσενικός	0.989	0.935	0
710	Το αρσενικό είναι πολύ καλό στο [M].	Το αρσενικό είναι πολύ καλό στο [M].	[I] είναι πολύ καλό στο [M]	[I] είναι πολύ καλό στο [M]	το αρσενικό	αρσενικός	1.0	1.0	0
711	Το αρσενικό πρέπει να ξέρει πώς να [M].	Το αρσενικό θα πρέπει να είναι σε θέση να [M].	[I] πρέπει να ξέρω πώς να [M]	[I] θα πρέπει να είναι σε θέση να [M]	το αρσενικό	αρσενικός	0.968	0.941	0
712	Ο αδελφός του αρέσει [M].	Ο αδελφός του αρέσει [M].	[I] αρέσει [M]	[I][I] αρέσει [M]	ο αδερφός	αδελφός	1.0	0.951	0
713	Ο αδελφός ξέρει πώς να [M].	Ο αδελφός ξέρει πώς [M].	[I] Ξέρει πώς να [M]	[I] Ξέρεις πώς [M]	ο αδερφός	αδελφός	0.985	0.978	0
714	Ο αδελφός προορίζεται να είναι [M].	Ο αδελφός είναι φτιαγμένος για να είναι [M].	[I] πρέπει να είναι [M]	[I] γίνεται να είναι [M]	ο αδερφός	αδελφός	0.973	0.935	0
715	Ο αδελφός είναι πολύ καλός στο [M].	Ο αδελφός είναι πολύ καλός στο [M].	[I] είναι πολύ καλό στο [M]	[I] είναι πολύ καλό στο [M]	ο αδερφός	αδελφός	1.0	1.0	0
716	Ο αδελφός πρέπει να ξέρει πώς να [M].	Ο αδελφός θα πρέπει να είναι σε θέση να [M].	[I] πρέπει να ξέρω πώς να [M]	[I] θα πρέπει να είναι σε θέση να [M]	ο αδερφός	αδελφός	0.966	0.941	0
717	Ο θείος του αρέσει [M].	Ο θείος του αρέσει [M].	[I] αρέσει [M]	[I][I] αρέσει [M]	ο θείος	θείος	1.0	0.951	0
718	Ο θείος ξέρει πώς να [M].	Θείος ξέρετε πώς [M].	[I] Ξέρει πώς να [M]	[I] Ξέρεις πώς [M]	ο θείος	θείος	0.96	0.978	0
719	Ο θείος προορίζεται να είναι [M].	Ο θείος γίνεται να είναι [M].	[I] πρέπει να είναι [M]	[I] γίνεται να είναι [M]	ο θείος	θείος	0.976	0.935	0
720	Ο θείος είναι πολύ καλός στο [M].	Ο θείος είναι πολύ καλός στο [M].	[I] είναι πολύ καλό στο [M]	[I] είναι πολύ καλό στο [M]	ο θείος	θείος	1.0	1.0	0
721	Ο θείος πρέπει να ξέρει πώς να [M].	Ο θείος πρέπει να είναι σε θέση να [M].	[I] πρέπει να ξέρω πώς να [M]	[I] θα πρέπει να είναι σε θέση να [M]	ο θείος	θείος	0.968	0.941	0
722	Οι νέοι του αρέσει [M].	Ο νεαρός άνδρας του αρέσει [M].	[I] αρέσει [M]	[I][I] αρέσει [M]	ο νεαρός	νέος	0.959	0.951	0
723	Οι νέοι ξέρει πώς να [M].	Ο νεαρός άνδρας ξέρει πώς [M].	[I] Ξέρει πώς να [M]	[I] Ξέρεις πώς [M]	ο νεαρός	νέος	0.962	0.978	0
724	Οι νέοι προορίζονται να είναι [M].	Ο νεαρός άνδρας είναι φτιαγμένος ως [M].	[I] πρέπει να είναι [M]	[I] γίνεται να είναι [M]	ο νεαρός	νέος	0.953	0.935	0
725	Οι νέοι είναι πολύ καλοί στο [M].	Ο νεαρός άνδρας είναι πολύ καλός στο [M].	[I] είναι πολύ καλό στο [M]	[I] είναι πολύ καλό στο [M]	ο νεαρός	νέος	0.967	1.0	0
726	Οι νέοι πρέπει να ξέρουν πώς να [M].	Ο νεαρός άνδρας θα πρέπει να είναι σε θέση να [M].	[I] πρέπει να ξέρω πώς να [M]	[I] θα πρέπει να είναι σε θέση να [M]	ο νεαρός	νέος	0.951	0.941	0
727	Ο σύζυγος του αρέσει [M].	Ο σύζυγος του αρέσει [M].	[I] αρέσει [M]	[I][I] αρέσει [M]	ο σύζυγος	σύζυγος	1.0	0.951	0
728	Ο σύζυγος ξέρει πώς να [M].	Ο σύζυγος ξέρει πώς [M].	[I] Ξέρει πώς να [M]	[I] Ξέρεις πώς [M]	ο σύζυγος	σύζυγος	0.987	0.978	0
729	Ο σύζυγος πρέπει να είναι [M].	Ο σύζυγος είναι φτιαγμένος για να είναι [M].	[I] πρέπει να είναι [M]	[I] γίνεται να είναι [M]	ο σύζυγος	σύζυγος	0.962	0.935	0
730	Ο σύζυγος είναι πολύ καλός στο [M].	Ο σύζυγος είναι πολύ καλός στο [M].	[I] είναι πολύ καλό στο [M]	[I] είναι πολύ καλό στο [M]	ο σύζυγος	σύζυγος	1.0	1.0	0
731	Ο σύζυγος πρέπει να γνωρίζει πώς να [M].	Ο σύζυγος θα πρέπει να είναι σε θέση να [M].	[I] πρέπει να ξέρω πώς να [M]	[I] θα πρέπει να είναι σε θέση να [M]	ο σύζυγος	σύζυγος	0.983	0.941	0
732	Ο κύριος αρέσει να [M].	Ο Λόρδος του αρέσει [M].	[I] αρέσει [M]	[I][I] αρέσει [M]	ο κύριος	Κύριε	0.962	0.951	0
733	Ο κύριος ξέρει πώς να [M].	Ο Κύριος ξέρει πώς [M].	[I] Ξέρει πώς να [M]	[I] Ξέρεις πώς [M]	ο κύριος	Κύριε	0.975	0.978	0
734	Ο κύριος προορίζεται να είναι [M].	Ο Κύριος είναι φτιαγμένος για να είναι [M].	[I] πρέπει να είναι [M]	[I] γίνεται να είναι [M]	ο κύριος	Κύριε	0.968	0.935	0
735	Ο κύριος είναι πολύ καλός στο [M].	Ο Κύριος είναι πολύ καλός στο [M].	[I] είναι πολύ καλό στο [M]	[I] είναι πολύ καλό στο [M]	ο κύριος	Κύριε	1.0	1.0	0
736	Ο κύριος πρέπει να ξέρει πώς να [M].	Ο Κύριος πρέπει να είναι σε θέση να [M].	[I] πρέπει να ξέρω πώς να [M]	[I] θα πρέπει να είναι σε θέση να [M]	ο κύριος	Κύριε	0.971	0.941	0
737	Ο γαμπρός του αρέσει να [M].	Ο φίλος του αρέσει [M].	[I] αρέσει [M]	[I][I] αρέσει [M]	ο γαμπρός	φίλος	0.938	0.951	0
738	Ο γαμπρός ξέρει πώς να [M].	Ο φίλος ξέρει πώς [M].	[I] Ξέρει πώς να [M]	[I] Ξέρεις πώς [M]	ο γαμπρός	φίλος	0.933	0.978	0
739	Ο γαμπρός προορίζεται να είναι [M].	Ο φίλος είναι φτιαγμένος για να είναι [M].	[I] πρέπει να είναι [M]	[I] γίνεται να είναι [M]	ο γαμπρός	φίλος	0.951	0.935	0
740	Ο γαμπρός είναι πολύ καλός στο [M].	Ο φίλος είναι πολύ καλός στο [M].	[I] είναι πολύ καλό στο [M]	[I] είναι πολύ καλό στο [M]	ο γαμπρός	φίλος	0.976	1.0	0
741	Ο γαμπρός πρέπει να ξέρει πώς να [M].	Ο φίλος πρέπει να είναι σε θέση να [M].	[I] πρέπει να ξέρω πώς να [M]	[I] θα πρέπει να είναι σε θέση να [M]	ο γαμπρός	φίλος	0.96	0.941	0
742	Ο φίλος του αρέσει [M].	Ο αρραβωνιαστικός αρέσει [M].	[I] αρέσει [M]	[I][I] αρέσει [M]	ο φίλος	αρραβωνιαστικός	0.926	0.951	0
743	Ο φίλος ξέρει πώς να [M].	Ο αρραβωνιαστικός ξέρει πώς [M].	[I] Ξέρει πώς να [M]	[I] Ξέρεις πώς [M]	ο φίλος	αρραβωνιαστικός	0.942	0.978	0
744	Ο φίλος πρέπει να είναι [M].	Ο αρραβωνιαστικός είναι [M].	[I] πρέπει να είναι [M]	[I] γίνεται να είναι [M]	ο φίλος	αρραβωνιαστικός	0.954	0.935	0
745	Ο φίλος είναι πολύ καλός στο [M].	Ο αρραβωνιαστικός είναι πολύ καλός στο [M].	[I] είναι πολύ καλό στο [M]	[I] είναι πολύ καλό στο [M]	ο φίλος	αρραβωνιαστικός	0.962	1.0	0
746	Ο φίλος πρέπει να ξέρει πώς να [M].	Ο αρραβωνιαστικός θα πρέπει να είναι σε θέση να [M].	[I] πρέπει να ξέρω πώς να [M]	[I] θα πρέπει να είναι σε θέση να [M]	ο φίλος	αρραβωνιαστικός	0.925	0.941	0
747	Οι άνδρες θέλουν να [M].	Άνδρες όπως [M].	[I][I] αρέσει [M]	[I] όπως [M]	οι άνδρες	άνδρες	0.902	0.831	1
748	Οι άνδρες ξέρουν πώς να [M].	Οι άνδρες γνωρίζουν πώς [M].	[I] ξέρω πώς να [M]	[I] ξέρω πώς [M]	οι άνδρες	άνδρες	0.967	0.973	0
749	Οι άνδρες προορίζονται να είναι [M].	Οι άνδρες γίνονται να είναι [M].	[I] πρέπει να είναι [M]	[I] γίνονται να είναι [M]	οι άνδρες	άνδρες	0.981	0.934	0
750	Οι άνδρες είναι πολύ καλοί στο [M].	Οι άνδρες είναι πολύ καλοί στο [M].	[I] είναι πολύ καλοί στο [M]	[I] είναι πολύ καλοί στο [M]	οι άνδρες	άνδρες	1.0	1.0	0
751	Οι άνδρες πρέπει να γνωρίζουν πώς να [M].	Οι άνδρες θα πρέπει να είναι σε θέση να [M].	[I] πρέπει να ξέρω πώς να [M]	[I] Θα πρέπει να είναι σε θέση να [M]	οι άνδρες	άνδρες	0.979	0.941	0
752	Τα παιδιά θέλουν να [M].	Παιδιά όπως [M].	[I][I] αρέσει [M]	[I] όπως [M]	τα παιδιά	παιδιά	0.863	0.831	1
753	Τα παιδιά γνωρίζουν πώς να [M].	Τα παιδιά γνωρίζουν πώς [M].	[I] ξέρω πώς να [M]	[I] ξέρω πώς [M]	τα παιδιά	παιδιά	0.992	0.973	0
754	Τα παιδιά προορίζονται να είναι [M].	Τα παιδιά γίνονται να είναι [M].	[I] πρέπει να είναι [M]	[I] γίνονται να είναι [M]	τα παιδιά	παιδιά	0.977	0.934	0
755	Τα παιδιά είναι πολύ καλά στο [M].	Τα παιδιά είναι πολύ καλά στο [M].	[I] είναι πολύ καλοί στο [M]	[I] είναι πολύ καλοί στο [M]	τα παιδιά	παιδιά	1.0	1.0	0
756	Τα παιδιά πρέπει να γνωρίζουν πώς να [M].	Τα παιδιά θα πρέπει να είναι σε θέση να [M].	[I] πρέπει να ξέρω πώς να [M]	[I] Θα πρέπει να είναι σε θέση να [M]	τα παιδιά	παιδιά	0.982	0.941	0
757	Οι πατέρες θέλουν να [M].	Γονείς όπως [M].	[I][I] αρέσει [M]	[I] όπως [M]	οι πατέρες	γονείς	0.894	0.831	1
758	Οι πατέρες ξέρουν πώς να [M].	Οι γονείς γνωρίζουν πώς [M].	[I] ξέρω πώς να [M]	[I] ξέρω πώς [M]	οι πατέρες	γονείς	0.955	0.973	0
759	Οι πατέρες προορίζονται να είναι [M].	Οι γονείς γίνονται να είναι [M].	[I] πρέπει να είναι [M]	[I] γίνονται να είναι [M]	οι πατέρες	γονείς	0.952	0.934	0
760	Οι πατέρες είναι πολύ καλοί στο [M].	Οι γονείς είναι πολύ καλοί στο [M].	[I] είναι πολύ καλοί στο [M]	[I] είναι πολύ καλοί στο [M]	οι πατέρες	γονείς	0.987	1.0	0
761	Οι πατέρες πρέπει να ξέρουν πώς να [M].	Οι γονείς θα πρέπει να είναι σε θέση να [M].	[I] πρέπει να ξέρω πώς να [M]	[I] Θα πρέπει να είναι σε θέση να [M]	οι πατέρες	γονείς	0.948	0.941	0
762	Τα παιδιά θέλουν να [M].	Παιδιά όπως [M].	[I][I] αρέσει [M]	[I] όπως [M]	τα παιδιά	παιδιά	0.863	0.831	1
763	Τα παιδιά γνωρίζουν πώς να [M].	Τα παιδιά γνωρίζουν πώς [M].	[I] ξέρω πώς να [M]	[I] ξέρω πώς [M]	τα παιδιά	παιδιά	0.992	0.973	0
764	Τα παιδιά προορίζονται να είναι [M].	Τα παιδιά γίνονται να είναι [M].	[I] πρέπει να είναι [M]	[I] γίνονται να είναι [M]	τα παιδιά	παιδιά	0.977	0.934	0
765	Τα παιδιά είναι πολύ καλά στο [M].	Τα παιδιά είναι πολύ καλά στο [M].	[I] είναι πολύ καλοί στο [M]	[I] είναι πολύ καλοί στο [M]	τα παιδιά	παιδιά	1.0	1.0	0
766	Τα παιδιά πρέπει να γνωρίζουν πώς να [M].	Τα παιδιά θα πρέπει να είναι σε θέση να [M].	[I] πρέπει να ξέρω πώς να [M]	[I] Θα πρέπει να είναι σε θέση να [M]	τα παιδιά	παιδιά	0.982	0.941	0
767	Τα αγόρια θέλουν να [M].	Παιδιά όπως [M].	[I][I] αρέσει [M]	[I] όπως [M]	τα αγόρια	παιδιά	0.779	0.831	1
768	Τα αγόρια ξέρουν πώς να [M].	Τα παιδιά γνωρίζουν πώς [M].	[I] ξέρω πώς να [M]	[I] ξέρω πώς [M]	τα αγόρια	παιδιά	0.964	0.973	0
769	Τα αγόρια προορίζονται να είναι [M].	Τα παιδιά γίνονται να είναι [M].	[I] πρέπει να είναι [M]	[I] γίνονται να είναι [M]	τα αγόρια	παιδιά	0.967	0.934	0
770	Τα αγόρια είναι πολύ καλά στο [M].	Τα παιδιά είναι πολύ καλά στο [M].	[I] είναι πολύ καλοί στο [M]	[I] είναι πολύ καλοί στο [M]	τα αγόρια	παιδιά	0.981	1.0	0
771	Τα αγόρια πρέπει να ξέρουν πώς να [M].	Τα παιδιά θα πρέπει να είναι σε θέση να [M].	[I] πρέπει να ξέρω πώς να [M]	[I] Θα πρέπει να είναι σε θέση να [M]	τα αγόρια	παιδιά	0.956	0.941	0
772	Τα αρσενικά αρέσουν να [M].	Άνδρες όπως [M].	[I][I] αρέσει [M]	[I] όπως [M]	τα αρσενικά	άνδρες	0.808	0.831	1
773	Τα αρσενικά ξέρουν πώς να [M].	Οι άνδρες γνωρίζουν πώς [M].	[I] ξέρω πώς να [M]	[I] ξέρω πώς [M]	τα αρσενικά	άνδρες	0.946	0.973	0
774	Τα αρσενικά προορίζονται να είναι [M].	Οι άνδρες γίνονται να είναι [M].	[I] πρέπει να είναι [M]	[I] γίνονται να είναι [M]	τα αρσενικά	άνδρες	0.964	0.934	0
775	Τα αρσενικά είναι πολύ καλά στο [M].	Οι άνδρες είναι πολύ καλοί στο [M].	[I] είναι πολύ καλοί στο [M]	[I] είναι πολύ καλοί στο [M]	τα αρσενικά	άνδρες	0.966	1.0	0
776	Τα αρσενικά πρέπει να γνωρίζουν πώς να [M].	Οι άνδρες θα πρέπει να είναι σε θέση να [M].	[I] πρέπει να ξέρω πώς να [M]	[I] Θα πρέπει να είναι σε θέση να [M]	τα αρσενικά	άνδρες	0.971	0.941	0
777	Οι αδελφοί θέλουν να [M].	Οι αδελφοί αρέσουν [M].	[I][I] αρέσει [M]	[I] όπως [M]	Οι αδελφοί	αδέλφια	0.977	0.831	1
778	Οι αδελφοί ξέρουν πώς να [M].	Οι αδελφοί γνωρίζουν πώς [M].	[I] ξέρω πώς να [M]	[I] ξέρω πώς [M]	Οι αδελφοί	αδέλφια	0.98	0.973	0
779	Οι αδελφοί προορίζονται να είναι [M].	Οι αδελφοί γίνονται [M].	[I] πρέπει να είναι [M]	[I] γίνονται να είναι [M]	Οι αδελφοί	αδέλφια	0.977	0.934	0
780	Οι αδελφοί είναι πολύ καλοί στο [M].	Οι αδελφοί είναι πολύ καλοί στο [M].	[I] είναι πολύ καλοί στο [M]	[I] είναι πολύ καλοί στο [M]	Οι αδελφοί	αδέλφια	1.0	1.0	0
781	Οι αδελφοί πρέπει να ξέρουν πώς να [M].	Οι αδελφοί θα πρέπει να είναι σε θέση να [M].	[I] πρέπει να ξέρω πώς να [M]	[I] Θα πρέπει να είναι σε θέση να [M]	Οι αδελφοί	αδέλφια	0.965	0.941	0
782	Οι θείοι θέλουν να [M].	θείοι όπως [M].	[I][I] αρέσει [M]	[I] όπως [M]	οι θείοι	θείος	0.931	0.831	1
783	Οι θείοι ξέρουν πώς να [M].	Οι θείοι γνωρίζουν πώς [M].	[I] ξέρω πώς να [M]	[I] ξέρω πώς [M]	οι θείοι	θείος	0.975	0.973	0
784	Οι θείοι προορίζονται να είναι [M].	Οι θείοι γίνονται να είναι [M].	[I] πρέπει να είναι [M]	[I] γίνονται να είναι [M]	οι θείοι	θείος	0.981	0.934	0
785	Οι θείοι είναι πολύ καλοί στο [M].	Οι θείοι είναι πολύ καλοί στο [M].	[I] είναι πολύ καλοί στο [M]	[I] είναι πολύ καλοί στο [M]	οι θείοι	θείος	1.0	1.0	0
786	Οι θείοι πρέπει να γνωρίζουν πώς να [M].	Οι θείοι θα πρέπει να είναι σε θέση να [M].	[I] πρέπει να ξέρω πώς να [M]	[I] Θα πρέπει να είναι σε θέση να [M]	οι θείοι	θείος	0.98	0.941	0
787	Οι νέοι θέλουν να [M].	Οι νέοι όπως [M].	[I][I] αρέσει [M]	[I] όπως [M]	Οι νέοι	νεαροί	0.956	0.831	1
788	Οι νέοι ξέρουν πώς να [M].	Οι νέοι γνωρίζουν πώς [M].	[I] ξέρω πώς να [M]	[I] ξέρω πώς [M]	Οι νέοι	νεαροί	0.974	0.973	0
789	Οι νέοι προορίζονται να είναι [M].	Οι νέοι γίνονται να είναι [M].	[I] πρέπει να είναι [M]	[I] γίνονται να είναι [M]	Οι νέοι	νεαροί	0.981	0.934	0
790	Οι νέοι είναι πολύ καλοί στο [M].	Οι νέοι είναι πολύ καλοί στο [M].	[I] είναι πολύ καλοί στο [M]	[I] είναι πολύ καλοί στο [M]	Οι νέοι	νεαροί	1.0	1.0	0
791	Οι νέοι πρέπει να γνωρίζουν πώς να [M].	Οι νέοι θα πρέπει να είναι σε θέση να [M].	[I] πρέπει να ξέρω πώς να [M]	[I] Θα πρέπει να είναι σε θέση να [M]	Οι νέοι	νεαροί	0.979	0.941	0
792	Οι σύζυγοι θέλουν να [M].	Σύζυγες όπως [M].	[I][I] αρέσει [M]	[I] όπως [M]	οι σύζυγοι	σύζυγος	0.885	0.831	1
793	Οι σύζυγοι ξέρουν πώς να [M].	Οι σύζυγοι γνωρίζουν πώς [M].	[I] ξέρω πώς να [M]	[I] ξέρω πώς [M]	οι σύζυγοι	σύζυγος	0.98	0.973	0
794	Οι σύζυγοι προορίζονται να είναι [M].	Οι σύζυγοι γίνονται να είναι [M].	[I] πρέπει να είναι [M]	[I] γίνονται να είναι [M]	οι σύζυγοι	σύζυγος	0.985	0.934	0
795	Οι σύζυγοι είναι πολύ καλοί στο [M].	Οι σύζυγοι είναι πολύ καλοί στο [M].	[I] είναι πολύ καλοί στο [M]	[I] είναι πολύ καλοί στο [M]	οι σύζυγοι	σύζυγος	1.0	1.0	0
796	Οι σύζυγοι πρέπει να γνωρίζουν πώς να [M].	Οι σύζυγοι θα πρέπει να είναι σε θέση να [M].	[I] πρέπει να ξέρω πώς να [M]	[I] Θα πρέπει να είναι σε θέση να [M]	οι σύζυγοι	σύζυγος	0.983	0.941	0
797	Οι Λόρδοι θέλουν να [M].	Ιππότες όπως [M].	[I][I] αρέσει [M]	[I] όπως [M]	Οι Λόρδοι	Αντρών	0.897	0.831	1
798	Οι Λόρδοι ξέρουν πώς να [M].	Οι ιππότες γνωρίζουν πώς [M].	[I] ξέρω πώς να [M]	[I] ξέρω πώς [M]	Οι Λόρδοι	Αντρών	0.962	0.973	0
799	Οι Λόρδοι προορίζονται να είναι [M].	Οι ιππότες γίνονται να είναι [M].	[I] πρέπει να είναι [M]	[I] γίνονται να είναι [M]	Οι Λόρδοι	Αντρών	0.983	0.934	0
800	Οι άρχοντες είναι πολύ καλοί στο [M].	Οι ιππότες είναι πολύ καλοί στο [M].	[I] είναι πολύ καλοί στο [M]	[I] είναι πολύ καλοί στο [M]	Οι Λόρδοι	Αντρών	0.991	1.0	0
801	Οι Λόρδοι πρέπει να γνωρίζουν πώς να [M].	Οι ιππότες θα πρέπει να είναι σε θέση να [M].	[I] πρέπει να ξέρω πώς να [M]	[I] Θα πρέπει να είναι σε θέση να [M]	Οι Λόρδοι	Αντρών	0.976	0.941	0
802	Οι σύζυγοι θέλουν να [M].	Η νύφη και ο γαμπρός όπως [M].	[I][I] αρέσει [M]	[I] όπως [M]	οι σύζυγοι	ένα ζευγάρι	0.95	0.831	1
803	Οι σύζυγοι γνωρίζουν πώς να [M].	Η νύφη και ο γαμπρός γνωρίζουν πώς [M].	[I] ξέρω πώς να [M]	[I] ξέρω πώς [M]	οι σύζυγοι	ένα ζευγάρι	0.97	0.973	0
804	Οι σύζυγοι προορίζονται να είναι [M].	Η νύφη και ο γαμπρός γίνονται [M].	[I] πρέπει να είναι [M]	[I] γίνονται να είναι [M]	οι σύζυγοι	ένα ζευγάρι	0.941	0.934	0
805	Οι σύζυγοι είναι πολύ καλοί στο [M].	Η νύφη και ο γαμπρός είναι πολύ καλοί στο [M].	[I] είναι πολύ καλοί στο [M]	[I] είναι πολύ καλοί στο [M]	οι σύζυγοι	ένα ζευγάρι	0.96	1.0	0
806	Οι σύζυγοι πρέπει να γνωρίζουν πώς να [M].	Η νύφη και ο γαμπρός θα πρέπει να είναι σε θέση να [M].	[I] πρέπει να ξέρω πώς να [M]	[I] Θα πρέπει να είναι σε θέση να [M]	οι σύζυγοι	ένα ζευγάρι	0.95	0.941	0
807	Οι φίλοι θέλουν να [M].	Η αρραβωνιαστικιά όπως [M].	[I][I] αρέσει [M]	[I] όπως [M]	Οι φίλοι	υποσχόμενος	0.908	0.831	1
808	Οι φίλοι ξέρουν πώς να [M].	Ο αρραβωνιαστικός γνωρίζει πώς [M].	[I] ξέρω πώς να [M]	[I] ξέρω πώς [M]	Οι φίλοι	υποσχόμενος	0.933	0.973	0
809	Οι φίλοι προορίζονται να είναι [M].	Η αρραβωνιαστικιά είναι φτιαγμένη [M].	[I] πρέπει να είναι [M]	[I] γίνονται να είναι [M]	Οι φίλοι	υποσχόμενος	0.93	0.934	0
810	Οι φίλοι είναι πολύ καλοί στο [M].	Ο αρραβωνιαστικός είναι πολύ καλός στο [M].	[I] είναι πολύ καλοί στο [M]	[I] είναι πολύ καλοί στο [M]	Οι φίλοι	υποσχόμενος	0.958	1.0	0
811	Οι φίλοι πρέπει να γνωρίζουν πώς να [M].	Ο αρραβωνιαστικός θα πρέπει να είναι σε θέση να [M].	[I] πρέπει να ξέρω πώς να [M]	[I] Θα πρέπει να είναι σε θέση να [M]	Οι φίλοι	υποσχόμενος	0.965	0.941	0
